filename,class,session_id,qa_status,annotation_status,box_count,notes
raw\negative\negative_session_001_0001_20261003T143907Z.jpg,negative,negative_session_001,KEEP,NEGATIVE_CONFIRMED,0,
raw\negative\negative_session_001_0002_20261003T143909Z.jpg,negative,negative_session_001,KEEP,NEGATIVE_CONFIRMED,0,
raw\negative\negative_session_001_0003_20261003T143931Z.jpg,negative,negative_session_001,KEEP,NEGATIVE_CONFIRMED,0,
raw\negative\negative_session_001_0005_20261003T144407Z.jpg,negative,negative_session_001,KEEP,NEGATIVE_CONFIRMED,0,
raw\negative\negative_session_001_0006_20261003T144415Z.jpg,negative,negative_session_001,KEEP,NEGATIVE_CONFIRMED,0,
raw\negative\negative_session_001_0007_20261003T144416Z.jpg,negative,negative_session_001,KEEP,NEGATIVE_CONFIRMED,0,
raw\negative\negative_session_001_0008_20261003T144423Z.jpg,negative,negative_session_001,KEEP,NEGATIVE_CONFIRMED,0,
raw\negative\negative_session_001_0009_20261003T144425Z.jpg,negative,negative_session_001,KEEP,NEGATIVE_CONFIRMED,0,
raw\negative\negative_session_001_0010_20261003T144427Z.jpg,negative,negative_session_001,KEEP,NEGATIVE_CONFIRMED,0,
raw\negative\negative_session_001_0011_20261003T144429Z.jpg,negative,negative_session_001,KEEP,NEGATIVE_CONFIRMED,0,
raw\negative\negative_session_001_0012_20261003T144434Z.jpg,negative,negative_session_001,KEEP,NEGATIVE_CONFIRMED,0,
raw\negative\negative_session_001_0013_20261003T144437Z.jpg,negative,negative_session_001,KEEP,NEGATIVE_CONFIRMED,0,
raw\negative\negative_session_001_0014_20261003T144439Z.jpg,negative,negative_session_001,KEEP,NEGATIVE_CONFIRMED,0,
raw\negative\negative_session_001_0015_20261003T144445Z.jpg,negative,negative_session_001,KEEP,NEGATIVE_CONFIRMED,0,
raw\negative\negative_session_001_0016_20261003T144448Z.jpg,negative,negative_session_001,KEEP,NEGATIVE_CONFIRMED,0,
raw\negative\negative_session_001_0017_20261003T144453Z.jpg,negative,negative_session_001,KEEP,NEGATIVE_CONFIRMED,0,
raw\negative\negative_session_001_0018_20261003T144457Z.jpg,negative,negative_session_001,KEEP,NEGATIVE_CONFIRMED,0,
raw\negative\negative_session_001_0019_20261003T144512Z.jpg,negative,negative_session_001,KEEP,NEGATIVE_CONFIRMED,0,
raw\negative\negative_session_001_0020_20261003T144514Z.jpg,negative,negative_session_001,KEEP,NEGATIVE_CONFIRMED,0,
raw\negative\negative_session_001_0021_20261003T144517Z.jpg,negative,negative_session_001,KEEP,NEGATIVE_CONFIRMED,0,
raw\negative\negative_session_001_0022_20261003T144530Z.jpg,negative,negative_session_001,KEEP,NEGATIVE_CONFIRMED,0,
raw\negative\negative_session_001_0023_20261003T144535Z.jpg,negative,negative_session_001,KEEP,NEGATIVE_CONFIRMED,0,
raw\negative\negative_session_001_0024_20261003T144540Z.jpg,negative,negative_session_001,KEEP,NEGATIVE_CONFIRMED,0,
raw\negative\negative_session_001_0025_20261003T144543Z.jpg,negative,negative_session_001,KEEP,NEGATIVE_CONFIRMED,0,
raw\negative\negative_session_001_0026_20261003T144547Z.jpg,negative,negative_session_001,KEEP,NEGATIVE_CONFIRMED,0,
raw\negative\negative_session_001_0027_20261003T144555Z.jpg,negative,negative_session_001,KEEP,NEGATIVE_CONFIRMED,0,
raw\negative\negative_session_001_0028_20261003T144557Z.jpg,negative,negative_session_001,KEEP,NEGATIVE_CONFIRMED,0,
raw\negative\negative_session_001_0029_20261003T144600Z.jpg,negative,negative_session_001,KEEP,NEGATIVE_CONFIRMED,0,
raw\negative\negative_session_001_0030_20261003T144603Z.jpg,negative,negative_session_001,KEEP,NEGATIVE_CONFIRMED,0,
raw\negative\negative_session_001_0031_20261003T144605Z.jpg,negative,negative_session_001,KEEP,NEGATIVE_CONFIRMED,0,
raw\negative\negative_session_001_0032_20261003T144608Z.jpg,negative,negative_session_001,KEEP,NEGATIVE_CONFIRMED,0,
raw\negative\negative_session_001_0033_20261003T144611Z.jpg,negative,negative_session_001,KEEP,NEGATIVE_CONFIRMED,0,
raw\negative\negative_session_001_0034_20261003T144614Z.jpg,negative,negative_session_001,KEEP,NEGATIVE_CONFIRMED,0,
raw\negative\negative_session_001_0035_20261003T144616Z.jpg,negative,negative_session_001,KEEP,NEGATIVE_CONFIRMED,0,
raw\negative\negative_session_001_0036_20261003T144618Z.jpg,negative,negative_session_001,KEEP,NEGATIVE_CONFIRMED,0,
raw\negative\negative_session_001_0037_20261003T144621Z.jpg,negative,negative_session_001,KEEP,NEGATIVE_CONFIRMED,0,
raw\negative\negative_session_001_0038_20261003T144626Z.jpg,negative,negative_session_001,KEEP,NEGATIVE_CONFIRMED,0,
raw\negative\negative_session_001_0039_20261003T144630Z.jpg,negative,negative_session_001,KEEP,NEGATIVE_CONFIRMED,0,
raw\negative\negative_session_001_0040_20261003T144633Z.jpg,negative,negative_session_001,KEEP,NEGATIVE_CONFIRMED,0,
raw\negative\negative_session_001_0041_20261003T144635Z.jpg,negative,negative_session_001,KEEP,NEGATIVE_CONFIRMED,0,
raw\negative\negative_session_001_0042_20261003T144700Z.jpg,negative,negative_session_001,KEEP,NEGATIVE_CONFIRMED,0,
raw\negative\negative_session_001_0043_20261003T144703Z.jpg,negative,negative_session_001,KEEP,NEGATIVE_CONFIRMED,0,
raw\negative\negative_session_001_0044_20261003T144707Z.jpg,negative,negative_session_001,KEEP,NEGATIVE_CONFIRMED,0,
raw\negative\negative_session_001_0045_20261003T144710Z.jpg,negative,negative_session_001,KEEP,NEGATIVE_CONFIRMED,0,
raw\negative\negative_session_001_0046_20261003T144714Z.jpg,negative,negative_session_001,KEEP,NEGATIVE_CONFIRMED,0,
raw\negative\negative_session_001_0047_20261003T144716Z.jpg,negative,negative_session_001,KEEP,NEGATIVE_CONFIRMED,0,
raw\negative\negative_session_001_0048_20261003T144718Z.jpg,negative,negative_session_001,KEEP,NEGATIVE_CONFIRMED,0,
raw\negative\negative_session_001_0049_20261003T144722Z.jpg,negative,negative_session_001,KEEP,NEGATIVE_CONFIRMED,0,
raw\negative\negative_session_001_0050_20261003T144728Z.jpg,negative,negative_session_001,KEEP,NEGATIVE_CONFIRMED,0,
raw\negative\negative_session_001_0051_20261003T144731Z.jpg,negative,negative_session_001,KEEP,NEGATIVE_CONFIRMED,0,
raw\negative\negative_session_001_0052_20261003T144735Z.jpg,negative,negative_session_001,KEEP,NEGATIVE_CONFIRMED,0,
raw\negative\negative_session_001_0053_20261003T144740Z.jpg,negative,negative_session_001,KEEP,NEGATIVE_CONFIRMED,0,
raw\negative\negative_session_001_0054_20261003T144743Z.jpg,negative,negative_session_001,KEEP,NEGATIVE_CONFIRMED,0,
raw\negative\negative_session_001_0055_20261003T144745Z.jpg,negative,negative_session_001,KEEP,NEGATIVE_CONFIRMED,0,
raw\negative\negative_session_001_0056_20261003T144749Z.jpg,negative,negative_session_001,KEEP,NEGATIVE_CONFIRMED,0,
raw\negative\negative_session_001_0057_20261003T144751Z.jpg,negative,negative_session_001,KEEP,NEGATIVE_CONFIRMED,0,
raw\negative\negative_session_001_0058_20261003T144809Z.jpg,negative,negative_session_001,KEEP,NEGATIVE_CONFIRMED,0,
raw\negative\negative_session_001_0059_20261003T144810Z.jpg,negative,negative_session_001,KEEP,NEGATIVE_CONFIRMED,0,
raw\negative\negative_session_001_0060_20261003T144816Z.jpg,negative,negative_session_001,KEEP,NEGATIVE_CONFIRMED,0,
raw\negative\negative_session_001_0061_20261003T144819Z.jpg,negative,negative_session_001,KEEP,NEGATIVE_CONFIRMED,0,
raw\negative\negative_session_001_0062_20261003T144822Z.jpg,negative,negative_session_001,KEEP,NEGATIVE_CONFIRMED,0,
raw\negative\negative_session_001_0063_20261003T144826Z.jpg,negative,negative_session_001,KEEP,NEGATIVE_CONFIRMED,0,
raw\negative\negative_session_001_0065_20261003T144832Z.jpg,negative,negative_session_001,KEEP,NEGATIVE_CONFIRMED,0,
raw\negative\negative_session_001_0066_20261003T144835Z.jpg,negative,negative_session_001,KEEP,NEGATIVE_CONFIRMED,0,
raw\negative\negative_session_001_0067_20261003T144848Z.jpg,negative,negative_session_001,KEEP,NEGATIVE_CONFIRMED,0,
raw\negative\negative_session_001_0068_20261003T144853Z.jpg,negative,negative_session_001,KEEP,NEGATIVE_CONFIRMED,0,
raw\negative\negative_session_001_0069_20261003T144855Z.jpg,negative,negative_session_001,KEEP,NEGATIVE_CONFIRMED,0,
raw\negative\negative_session_001_0070_20261003T144857Z.jpg,negative,negative_session_001,KEEP,NEGATIVE_CONFIRMED,0,
raw\negative\negative_session_001_0071_20261003T144859Z.jpg,negative,negative_session_001,KEEP,NEGATIVE_CONFIRMED,0,
raw\negative\negative_session_001_0072_20261003T144903Z.jpg,negative,negative_session_001,KEEP,NEGATIVE_CONFIRMED,0,
raw\negative\negative_session_001_0073_20261003T144906Z.jpg,negative,negative_session_001,KEEP,NEGATIVE_CONFIRMED,0,
raw\negative\negative_session_001_0074_20261003T144915Z.jpg,negative,negative_session_001,KEEP,NEGATIVE_CONFIRMED,0,
raw\negative\negative_session_001_0075_20261003T144921Z.jpg,negative,negative_session_001,KEEP,NEGATIVE_CONFIRMED,0,
raw\negative\negative_session_001_0076_20261003T144924Z.jpg,negative,negative_session_001,KEEP,NEGATIVE_CONFIRMED,0,
raw\negative\negative_session_001_0077_20261003T144928Z.jpg,negative,negative_session_001,KEEP,NEGATIVE_CONFIRMED,0,
raw\negative\negative_session_001_0078_20261003T144933Z.jpg,negative,negative_session_001,KEEP,NEGATIVE_CONFIRMED,0,
raw\negative\negative_session_001_0079_20261003T144936Z.jpg,negative,negative_session_001,KEEP,NEGATIVE_CONFIRMED,0,
raw\negative\negative_session_001_0080_20261003T144939Z.jpg,negative,negative_session_001,KEEP,NEGATIVE_CONFIRMED,0,
raw\negative\negative_session_001_0081_20261003T145017Z.jpg,negative,negative_session_001,KEEP,NEGATIVE_CONFIRMED,0,
raw\negative\negative_session_002_0082_20261003T145128Z.jpg,negative,negative_session_002,KEEP,NEGATIVE_CONFIRMED,0,
raw\negative\negative_session_002_0083_20261003T145130Z.jpg,negative,negative_session_002,KEEP,NEGATIVE_CONFIRMED,0,
raw\negative\negative_session_002_0084_20261003T145131Z.jpg,negative,negative_session_002,KEEP,NEGATIVE_CONFIRMED,0,
raw\negative\negative_session_002_0085_20261003T145132Z.jpg,negative,negative_session_002,KEEP,NEGATIVE_CONFIRMED,0,
raw\negative\negative_session_002_0086_20261003T145133Z.jpg,negative,negative_session_002,KEEP,NEGATIVE_CONFIRMED,0,
raw\negative\negative_session_002_0087_20261003T145134Z.jpg,negative,negative_session_002,KEEP,NEGATIVE_CONFIRMED,0,
raw\negative\negative_session_002_0088_20261003T145134Z.jpg,negative,negative_session_002,KEEP,NEGATIVE_CONFIRMED,0,
raw\negative\negative_session_002_0089_20261003T145135Z.jpg,negative,negative_session_002,KEEP,NEGATIVE_CONFIRMED,0,
raw\negative\negative_session_002_0090_20261003T145136Z.jpg,negative,negative_session_002,KEEP,NEGATIVE_CONFIRMED,0,
raw\negative\negative_session_002_0091_20261003T145136Z.jpg,negative,negative_session_002,KEEP,NEGATIVE_CONFIRMED,0,
raw\negative\negative_session_002_0092_20261003T145150Z.jpg,negative,negative_session_002,KEEP,NEGATIVE_CONFIRMED,0,
raw\negative\negative_session_002_0093_20261003T145151Z.jpg,negative,negative_session_002,KEEP,NEGATIVE_CONFIRMED,0,
raw\negative\negative_session_002_0094_20261003T145154Z.jpg,negative,negative_session_002,KEEP,NEGATIVE_CONFIRMED,0,
raw\negative\negative_session_002_0095_20261003T145156Z.jpg,negative,negative_session_002,KEEP,NEGATIVE_CONFIRMED,0,
raw\negative\negative_session_002_0096_20261003T145200Z.jpg,negative,negative_session_002,KEEP,NEGATIVE_CONFIRMED,0,
raw\negative\negative_session_002_0097_20261003T145203Z.jpg,negative,negative_session_002,KEEP,NEGATIVE_CONFIRMED,0,
raw\negative\negative_session_002_0098_20261003T145205Z.jpg,negative,negative_session_002,KEEP,NEGATIVE_CONFIRMED,0,
raw\negative\negative_session_002_0099_20261003T145210Z.jpg,negative,negative_session_002,KEEP,NEGATIVE_CONFIRMED,0,
raw\negative\negative_session_002_0100_20261003T145211Z.jpg,negative,negative_session_002,KEEP,NEGATIVE_CONFIRMED,0,
raw\negative\negative_session_002_0101_20261003T145215Z.jpg,negative,negative_session_002,KEEP,NEGATIVE_CONFIRMED,0,
raw\negative\negative_session_002_0102_20261003T145217Z.jpg,negative,negative_session_002,KEEP,NEGATIVE_CONFIRMED,0,
raw\negative\negative_session_002_0103_20261003T145219Z.jpg,negative,negative_session_002,KEEP,NEGATIVE_CONFIRMED,0,
raw\negative\negative_session_002_0104_20261003T145221Z.jpg,negative,negative_session_002,KEEP,NEGATIVE_CONFIRMED,0,
raw\negative\negative_session_002_0105_20261003T145224Z.jpg,negative,negative_session_002,KEEP,NEGATIVE_CONFIRMED,0,
raw\negative\negative_session_002_0106_20261003T145226Z.jpg,negative,negative_session_002,KEEP,NEGATIVE_CONFIRMED,0,
raw\negative\negative_session_002_0107_20261003T145228Z.jpg,negative,negative_session_002,KEEP,NEGATIVE_CONFIRMED,0,
raw\negative\negative_session_002_0108_20261003T145232Z.jpg,negative,negative_session_002,KEEP,NEGATIVE_CONFIRMED,0,
raw\negative\negative_session_002_0110_20261003T145236Z.jpg,negative,negative_session_002,KEEP,NEGATIVE_CONFIRMED,0,
raw\person\person_session_001_0001_20261003T145410Z.jpg,person,person_session_001,KEEP,ANNOTATED,1,
raw\person\person_session_001_0002_20261003T145417Z.jpg,person,person_session_001,KEEP,ANNOTATED,1,
raw\person\person_session_001_0003_20261003T145421Z.jpg,person,person_session_001,KEEP,ANNOTATED,1,
raw\person\person_session_001_0004_20261003T145426Z.jpg,person,person_session_001,KEEP,ANNOTATED,1,
raw\person\person_session_001_0005_20261003T145430Z.jpg,person,person_session_001,KEEP,ANNOTATED,1,
raw\person\person_session_001_0006_20261003T145433Z.jpg,person,person_session_001,KEEP,ANNOTATED,1,
raw\person\person_session_001_0007_20261003T145435Z.jpg,person,person_session_001,KEEP,ANNOTATED,1,
raw\person\person_session_001_0008_20261003T145438Z.jpg,person,person_session_001,KEEP,ANNOTATED,1,
raw\person\person_session_001_0009_20261003T145440Z.jpg,person,person_session_001,KEEP,ANNOTATED,1,
raw\person\person_session_001_0010_20261003T145446Z.jpg,person,person_session_001,KEEP,ANNOTATED,1,
raw\person\person_session_001_0011_20261003T145449Z.jpg,person,person_session_001,KEEP,ANNOTATED,1,
raw\person\person_session_001_0012_20261003T145451Z.jpg,person,person_session_001,KEEP,ANNOTATED,1,
raw\person\person_session_001_0013_20261003T145456Z.jpg,person,person_session_001,KEEP,ANNOTATED,1,
raw\person\person_session_001_0014_20261003T145458Z.jpg,person,person_session_001,KEEP,ANNOTATED,1,
raw\person\person_session_001_0016_20261003T145502Z.jpg,person,person_session_001,KEEP,ANNOTATED,1,
raw\person\person_session_001_0017_20261003T145506Z.jpg,person,person_session_001,KEEP,ANNOTATED,1,
raw\person\person_session_001_0018_20261003T145506Z.jpg,person,person_session_001,KEEP,ANNOTATED,1,
raw\person\person_session_001_0019_20261003T145510Z.jpg,person,person_session_001,KEEP,ANNOTATED,1,
raw\person\person_session_001_0020_20261003T145513Z.jpg,person,person_session_001,KEEP,ANNOTATED,1,
raw\person\person_session_001_0021_20261003T145515Z.jpg,person,person_session_001,KEEP,ANNOTATED,1,
raw\person\person_session_001_0022_20261003T145518Z.jpg,person,person_session_001,KEEP,ANNOTATED,1,
raw\person\person_session_001_0023_20261003T145521Z.jpg,person,person_session_001,KEEP,ANNOTATED,1,
raw\person\person_session_001_0024_20261003T145523Z.jpg,person,person_session_001,KEEP,ANNOTATED,1,
raw\person\person_session_001_0025_20261003T145525Z.jpg,person,person_session_001,KEEP,ANNOTATED,1,
raw\person\person_session_001_0026_20261003T145529Z.jpg,person,person_session_001,KEEP,ANNOTATED,1,
raw\person\person_session_001_0027_20261003T145532Z.jpg,person,person_session_001,KEEP,ANNOTATED,1,
raw\person\person_session_001_0028_20261003T145537Z.jpg,person,person_session_001,KEEP,ANNOTATED,1,
raw\person\person_session_001_0029_20261003T145546Z.jpg,person,person_session_001,KEEP,ANNOTATED,1,
raw\person\person_session_001_0030_20261003T145551Z.jpg,person,person_session_001,KEEP,ANNOTATED,1,
raw\person\person_session_001_0031_20261003T145554Z.jpg,person,person_session_001,KEEP,ANNOTATED,1,
raw\person\person_session_001_0032_20261003T145558Z.jpg,person,person_session_001,KEEP,ANNOTATED,1,
raw\person\person_session_001_0033_20261003T145600Z.jpg,person,person_session_001,KEEP,ANNOTATED,1,
raw\person\person_session_001_0034_20261003T145602Z.jpg,person,person_session_001,KEEP,ANNOTATED,1,
raw\person\person_session_001_0035_20261003T145605Z.jpg,person,person_session_001,KEEP,ANNOTATED,1,
raw\person\person_session_001_0036_20261003T145611Z.jpg,person,person_session_001,KEEP,ANNOTATED,1,
raw\person\person_session_001_0038_20261003T145613Z.jpg,person,person_session_001,KEEP,ANNOTATED,1,
raw\person\person_session_001_0039_20261003T145616Z.jpg,person,person_session_001,KEEP,ANNOTATED,1,
raw\person\person_session_001_0040_20261003T145619Z.jpg,person,person_session_001,KEEP,ANNOTATED,1,
raw\person\person_session_001_0041_20261003T145624Z.jpg,person,person_session_001,KEEP,ANNOTATED,1,
raw\person\person_session_001_0042_20261003T145626Z.jpg,person,person_session_001,KEEP,ANNOTATED,1,
raw\person\person_session_001_0043_20261003T145628Z.jpg,person,person_session_001,KEEP,ANNOTATED,1,
raw\person\person_session_001_0044_20261003T145631Z.jpg,person,person_session_001,KEEP,ANNOTATED,1,
raw\person\person_session_001_0045_20261003T145636Z.jpg,person,person_session_001,KEEP,ANNOTATED,1,
raw\person\person_session_001_0046_20261003T145638Z.jpg,person,person_session_001,KEEP,ANNOTATED,1,
raw\person\person_session_001_0047_20261003T145640Z.jpg,person,person_session_001,KEEP,ANNOTATED,1,
raw\person\person_session_001_0048_20261003T145642Z.jpg,person,person_session_001,KEEP,ANNOTATED,1,
raw\person\person_session_001_0050_20261003T145702Z.jpg,person,person_session_001,KEEP,ANNOTATED,1,
raw\person\person_session_001_0051_20261003T145705Z.jpg,person,person_session_001,KEEP,ANNOTATED,1,
raw\person\person_session_001_0052_20261003T145707Z.jpg,person,person_session_001,KEEP,ANNOTATED,1,
raw\person\person_session_001_0053_20261003T145714Z.jpg,person,person_session_001,KEEP,ANNOTATED,1,
raw\person\person_session_001_0054_20261003T145717Z.jpg,person,person_session_001,KEEP,ANNOTATED,1,
raw\person\person_session_001_0055_20261003T145719Z.jpg,person,person_session_001,KEEP,ANNOTATED,1,
raw\person\person_session_001_0056_20261003T145722Z.jpg,person,person_session_001,KEEP,ANNOTATED,1,
raw\person\person_session_001_0057_20261003T145724Z.jpg,person,person_session_001,KEEP,ANNOTATED,1,
raw\person\person_session_001_0058_20261003T145727Z.jpg,person,person_session_001,KEEP,ANNOTATED,1,
raw\person\person_session_001_0059_20261003T145729Z.jpg,person,person_session_001,KEEP,ANNOTATED,1,
raw\person\person_session_001_0060_20261003T145731Z.jpg,person,person_session_001,KEEP,ANNOTATED,1,
raw\person\person_session_001_0061_20261003T145734Z.jpg,person,person_session_001,KEEP,ANNOTATED,1,
raw\person\person_session_001_0062_20261003T145738Z.jpg,person,person_session_001,KEEP,ANNOTATED,1,
raw\fire\fire_session_001_0001_20261003T150015Z.jpg,fire,fire_session_001,KEEP,ANNOTATED,1,
raw\fire\fire_session_001_0002_20261003T150017Z.jpg,fire,fire_session_001,KEEP,ANNOTATED,1,
raw\fire\fire_session_001_0003_20261003T150017Z.jpg,fire,fire_session_001,KEEP,ANNOTATED,1,
raw\fire\fire_session_001_0004_20261003T150023Z.jpg,fire,fire_session_001,KEEP,ANNOTATED,1,
raw\fire\fire_session_001_0005_20261003T150026Z.jpg,fire,fire_session_001,KEEP,ANNOTATED,1,
raw\fire\fire_session_001_0006_20261003T150029Z.jpg,fire,fire_session_001,KEEP,ANNOTATED,1,
raw\fire\fire_session_001_0007_20261003T150033Z.jpg,fire,fire_session_001,KEEP,ANNOTATED,1,
raw\fire\fire_session_001_0008_20261003T150036Z.jpg,fire,fire_session_001,KEEP,ANNOTATED,1,
raw\fire\fire_session_001_0010_20261003T150042Z.jpg,fire,fire_session_001,KEEP,ANNOTATED,1,
raw\fire\fire_session_001_0011_20261003T150043Z.jpg,fire,fire_session_001,KEEP,ANNOTATED,1,
raw\fire\fire_session_001_0012_20261003T150043Z.jpg,fire,fire_session_001,KEEP,ANNOTATED,1,
raw\fire\fire_session_001_0013_20261003T150044Z.jpg,fire,fire_session_001,KEEP,ANNOTATED,1,
raw\fire\fire_session_001_0014_20261003T150044Z.jpg,fire,fire_session_001,KEEP,ANNOTATED,1,
raw\fire\fire_session_001_0015_20261003T150045Z.jpg,fire,fire_session_001,KEEP,ANNOTATED,1,
raw\fire\fire_session_001_0016_20261003T150045Z.jpg,fire,fire_session_001,KEEP,ANNOTATED,1,
raw\fire\fire_session_001_0017_20261003T150046Z.jpg,fire,fire_session_001,KEEP,ANNOTATED,1,
raw\fire\fire_session_001_0020_20261003T150047Z.jpg,fire,fire_session_001,KEEP,ANNOTATED,1,
raw\fire\fire_session_001_0021_20261003T150056Z.jpg,fire,fire_session_001,KEEP,ANNOTATED,1,
raw\fire\fire_session_001_0022_20261003T150056Z.jpg,fire,fire_session_001,KEEP,ANNOTATED,1,
raw\fire\fire_session_001_0024_20261003T150056Z.jpg,fire,fire_session_001,KEEP,ANNOTATED,1,
raw\fire\fire_session_001_0025_20261003T150057Z.jpg,fire,fire_session_001,KEEP,ANNOTATED,1,
raw\fire\fire_session_001_0027_20261003T150105Z.jpg,fire,fire_session_001,KEEP,ANNOTATED,1,
raw\fire\fire_session_001_0028_20261003T150108Z.jpg,fire,fire_session_001,KEEP,ANNOTATED,1,
raw\fire\fire_session_001_0030_20261003T150111Z.jpg,fire,fire_session_001,KEEP,ANNOTATED,1,
raw\fire\fire_session_001_0031_20261003T150111Z.jpg,fire,fire_session_001,KEEP,ANNOTATED,1,
raw\fire\fire_session_001_0032_20261003T150111Z.jpg,fire,fire_session_001,KEEP,ANNOTATED,1,
raw\fire\fire_session_001_0033_20261003T150114Z.jpg,fire,fire_session_001,KEEP,ANNOTATED,1,
raw\fire\fire_session_001_0034_20261003T150114Z.jpg,fire,fire_session_001,KEEP,ANNOTATED,1,
raw\fire\fire_session_001_0036_20261003T150211Z.jpg,fire,fire_session_001,KEEP,ANNOTATED,1,
raw\fire\fire_session_001_0037_20261003T150211Z.jpg,fire,fire_session_001,KEEP,ANNOTATED,1,
raw\fire\fire_session_001_0038_20261003T150212Z.jpg,fire,fire_session_001,KEEP,ANNOTATED,1,
raw\fire\fire_session_001_0039_20261003T150216Z.jpg,fire,fire_session_001,KEEP,ANNOTATED,1,
raw\fire\fire_session_001_0040_20261003T150217Z.jpg,fire,fire_session_001,KEEP,ANNOTATED,1,
raw\fire\fire_session_001_0041_20261003T150217Z.jpg,fire,fire_session_001,KEEP,ANNOTATED,1,
raw\fire\fire_session_001_0042_20261003T150223Z.jpg,fire,fire_session_001,KEEP,ANNOTATED,1,
raw\fire\fire_session_001_0043_20261003T150321Z.jpg,fire,fire_session_001,KEEP,ANNOTATED,1,
raw\fire\fire_session_001_0044_20261003T150321Z.jpg,fire,fire_session_001,KEEP,ANNOTATED,1,
raw\fire\fire_session_001_0045_20261003T150322Z.jpg,fire,fire_session_001,KEEP,ANNOTATED,1,
raw\fire\fire_session_001_0046_20261003T150322Z.jpg,fire,fire_session_001,KEEP,ANNOTATED,1,
raw\fire\fire_session_001_0047_20261003T150326Z.jpg,fire,fire_session_001,KEEP,ANNOTATED,1,
raw\fire\fire_session_001_0048_20261003T150328Z.jpg,fire,fire_session_001,KEEP,ANNOTATED,1,
raw\fire\fire_session_001_0049_20261003T150331Z.jpg,fire,fire_session_001,KEEP,ANNOTATED,1,
raw\fire\fire_session_001_0050_20261003T150335Z.jpg,fire,fire_session_001,KEEP,ANNOTATED,1,
raw\smoke\smoke_session_001_0002_20261003T150637Z.jpg,smoke,smoke_session_001,KEEP,ANNOTATED,1,
raw\smoke\smoke_session_001_0003_20261003T150640Z.jpg,smoke,smoke_session_001,KEEP,ANNOTATED,1,
raw\smoke\smoke_session_001_0004_20261003T150645Z.jpg,smoke,smoke_session_001,KEEP,ANNOTATED,1,
raw\smoke\smoke_session_001_0005_20261003T150647Z.jpg,smoke,smoke_session_001,KEEP,ANNOTATED,1,
raw\smoke\smoke_session_001_0006_20261003T150650Z.jpg,smoke,smoke_session_001,KEEP,ANNOTATED,1,
raw\smoke\smoke_session_001_0007_20261003T150653Z.jpg,smoke,smoke_session_001,KEEP,ANNOTATED,1,
raw\smoke\smoke_session_001_0008_20261003T150655Z.jpg,smoke,smoke_session_001,KEEP,ANNOTATED,1,
raw\smoke\smoke_session_001_0009_20261003T150657Z.jpg,smoke,smoke_session_001,KEEP,ANNOTATED,1,
raw\smoke\smoke_session_001_0010_20261003T150659Z.jpg,smoke,smoke_session_001,KEEP,ANNOTATED,1,
raw\smoke\smoke_session_001_0011_20261003T150702Z.jpg,smoke,smoke_session_001,KEEP,ANNOTATED,1,
raw\smoke\smoke_session_001_0012_20261003T150704Z.jpg,smoke,smoke_session_001,KEEP,ANNOTATED,1,
raw\smoke\smoke_session_001_0013_20261003T150706Z.jpg,smoke,smoke_session_001,KEEP,ANNOTATED,1,
raw\smoke\smoke_session_001_0014_20261003T150708Z.jpg,smoke,smoke_session_001,KEEP,ANNOTATED,1,
raw\smoke\smoke_session_001_0015_20261003T150712Z.jpg,smoke,smoke_session_001,KEEP,ANNOTATED,1,
raw\smoke\smoke_session_001_0016_20261003T150714Z.jpg,smoke,smoke_session_001,KEEP,ANNOTATED,1,
raw\smoke\smoke_session_001_0017_20261003T150716Z.jpg,smoke,smoke_session_001,KEEP,ANNOTATED,1,
raw\smoke\smoke_session_001_0018_20261003T150719Z.jpg,smoke,smoke_session_001,KEEP,ANNOTATED,1,
raw\smoke\smoke_session_001_0019_20261003T150722Z.jpg,smoke,smoke_session_001,KEEP,ANNOTATED,1,
raw\smoke\smoke_session_001_0020_20261003T150725Z.jpg,smoke,smoke_session_001,KEEP,ANNOTATED,1,
raw\smoke\smoke_session_001_0021_20261003T150727Z.jpg,smoke,smoke_session_001,KEEP,ANNOTATED,1,
raw\smoke\smoke_session_001_0022_20261003T150729Z.jpg,smoke,smoke_session_001,KEEP,ANNOTATED,1,
raw\smoke\smoke_session_001_0023_20261003T150731Z.jpg,smoke,smoke_session_001,KEEP,ANNOTATED,1,
raw\smoke\smoke_session_001_0024_20261003T150733Z.jpg,smoke,smoke_session_001,KEEP,ANNOTATED,1,
raw\smoke\smoke_session_001_0025_20261003T150735Z.jpg,smoke,smoke_session_001,KEEP,ANNOTATED,1,
raw\smoke\smoke_session_001_0026_20261003T150738Z.jpg,smoke,smoke_session_001,KEEP,ANNOTATED,1,
raw\smoke\smoke_session_001_0027_20261003T150740Z.jpg,smoke,smoke_session_001,KEEP,ANNOTATED,1,
raw\smoke\smoke_session_001_0028_20261003T150742Z.jpg,smoke,smoke_session_001,KEEP,ANNOTATED,1,
raw\smoke\smoke_session_001_0029_20261003T150744Z.jpg,smoke,smoke_session_001,KEEP,ANNOTATED,1,
raw\smoke\smoke_session_001_0030_20261003T150903Z.jpg,smoke,smoke_session_001,KEEP,ANNOTATED,1,
raw\smoke\smoke_session_001_0031_20261003T150905Z.jpg,smoke,smoke_session_001,KEEP,ANNOTATED,1,
raw\smoke\smoke_session_001_0032_20261003T150907Z.jpg,smoke,smoke_session_001,KEEP,ANNOTATED,1,
raw\smoke\smoke_session_001_0033_20261003T150910Z.jpg,smoke,smoke_session_001,KEEP,ANNOTATED,1,
raw\smoke\smoke_session_001_0034_20261003T150913Z.jpg,smoke,smoke_session_001,KEEP,ANNOTATED,1,
raw\smoke\smoke_session_001_0035_20261003T150915Z.jpg,smoke,smoke_session_001,KEEP,ANNOTATED,1,
raw\smoke\smoke_session_001_0036_20261003T150918Z.jpg,smoke,smoke_session_001,KEEP,ANNOTATED,1,
raw\smoke\smoke_session_001_0037_20261003T150921Z.jpg,smoke,smoke_session_001,KEEP,ANNOTATED,1,
raw\smoke\smoke_session_001_0038_20261003T150921Z.jpg,smoke,smoke_session_001,KEEP,ANNOTATED,1,
raw\smoke\smoke_session_001_0039_20261003T150924Z.jpg,smoke,smoke_session_001,KEEP,ANNOTATED,1,
raw\smoke\smoke_session_001_0040_20261003T150926Z.jpg,smoke,smoke_session_001,KEEP,ANNOTATED,1,
raw\smoke\smoke_session_001_0041_20261003T150928Z.jpg,smoke,smoke_session_001,KEEP,ANNOTATED,1,
raw\smoke\smoke_session_001_0042_20261003T150930Z.jpg,smoke,smoke_session_001,KEEP,ANNOTATED,1,
raw\smoke\smoke_session_001_0044_20261003T150932Z.jpg,smoke,smoke_session_001,KEEP,ANNOTATED,1,
raw\smoke\smoke_session_001_0045_20261003T150934Z.jpg,smoke,smoke_session_001,KEEP,ANNOTATED,1,
raw\smoke\smoke_session_001_0046_20261003T150936Z.jpg,smoke,smoke_session_001,KEEP,ANNOTATED,1,
raw\smoke\smoke_session_001_0047_20261003T150940Z.jpg,smoke,smoke_session_001,KEEP,ANNOTATED,1,
raw\smoke\smoke_session_001_0048_20261003T150942Z.jpg,smoke,smoke_session_001,KEEP,ANNOTATED,1,
raw\smoke\smoke_session_001_0049_20261003T150944Z.jpg,smoke,smoke_session_001,KEEP,ANNOTATED,1,
raw\smoke\smoke_session_001_0050_20261003T150957Z.jpg,smoke,smoke_session_001,KEEP,ANNOTATED,1,
raw\fire\fire_session_002_0001_20261003T152744Z.jpg,fire,fire_session_002,KEEP,ANNOTATED,1,
raw\fire\fire_session_002_0002_20261003T152812Z.jpg,fire,fire_session_002,KEEP,ANNOTATED,1,
raw\fire\fire_session_002_0003_20261003T152832Z.jpg,fire,fire_session_002,KEEP,ANNOTATED,1,
raw\fire\fire_session_002_0004_20261003T152902Z.jpg,fire,fire_session_002,KEEP,ANNOTATED,1,
raw\fire\fire_session_002_0005_20261003T152925Z.jpg,fire,fire_session_002,KEEP,ANNOTATED,1,
raw\fire\fire_session_002_0006_20261003T152947Z.jpg,fire,fire_session_002,KEEP,ANNOTATED,1,
raw\fire\fire_session_002_0007_20261003T153007Z.jpg,fire,fire_session_002,KEEP,ANNOTATED,1,
raw\fire\fire_session_002_0008_20261003T153035Z.jpg,fire,fire_session_002,KEEP,ANNOTATED,1,
raw\fire\fire_session_002_0009_20261003T153057Z.jpg,fire,fire_session_002,KEEP,ANNOTATED,1,
raw\fire\fire_session_002_0010_20261003T153121Z.jpg,fire,fire_session_002,KEEP,ANNOTATED,1,
raw\fire\fire_session_003_0002_20261003T153810Z.jpg,fire,fire_session_003,KEEP,ANNOTATED,1,
raw\fire\fire_session_003_0003_20261003T153824Z.jpg,fire,fire_session_003,KEEP,ANNOTATED,1,
raw\fire\fire_session_003_0004_20261003T153916Z.jpg,fire,fire_session_003,KEEP,ANNOTATED,1,
raw\fire\fire_session_003_0006_20261003T153958Z.jpg,fire,fire_session_003,KEEP,ANNOTATED,1,
raw\fire\fire_session_003_0007_20261003T154021Z.jpg,fire,fire_session_003,KEEP,ANNOTATED,1,
raw\fire\fire_session_003_0008_20261003T154050Z.jpg,fire,fire_session_003,KEEP,ANNOTATED,1,
raw\fire\fire_session_003_0009_20261003T154130Z.jpg,fire,fire_session_003,KEEP,ANNOTATED,1,
raw\fire\fire_session_003_0010_20261003T154159Z.jpg,fire,fire_session_003,KEEP,ANNOTATED,1,
raw\smoke\smoke_session_003_0001_20261003T154235Z.jpg,smoke,smoke_session_003,KEEP,ANNOTATED,1,
raw\smoke\smoke_session_002_0001_20261003T154337Z.jpg,smoke,smoke_session_002,KEEP,ANNOTATED,1,
raw\smoke\smoke_session_002_0002_20261003T154355Z.jpg,smoke,smoke_session_002,KEEP,ANNOTATED,1,
raw\smoke\smoke_session_002_0003_20261003T154412Z.jpg,smoke,smoke_session_002,KEEP,ANNOTATED,1,
raw\smoke\smoke_session_002_0004_20261003T154433Z.jpg,smoke,smoke_session_002,KEEP,ANNOTATED,1,
raw\smoke\smoke_session_002_0005_20261003T154509Z.jpg,smoke,smoke_session_002,KEEP,ANNOTATED,1,
raw\smoke\smoke_session_002_0006_20261003T154531Z.jpg,smoke,smoke_session_002,KEEP,ANNOTATED,1,
raw\smoke\smoke_session_002_0007_20261003T154551Z.jpg,smoke,smoke_session_002,KEEP,ANNOTATED,1,
raw\smoke\smoke_session_002_0008_20261003T154613Z.jpg,smoke,smoke_session_002,KEEP,ANNOTATED,1,
raw\smoke\smoke_session_002_0009_20261003T154631Z.jpg,smoke,smoke_session_002,KEEP,ANNOTATED,1,
raw\smoke\smoke_session_002_0010_20261003T154659Z.jpg,smoke,smoke_session_002,KEEP,ANNOTATED,1,
raw\smoke\smoke_session_003_0002_20261003T154754Z.jpg,smoke,smoke_session_003,KEEP,ANNOTATED,1,
raw\smoke\smoke_session_003_0003_20261003T154821Z.jpg,smoke,smoke_session_003,KEEP,ANNOTATED,1,
raw\smoke\smoke_session_003_0004_20261003T155007Z.jpg,smoke,smoke_session_003,KEEP,ANNOTATED,1,
raw\smoke\smoke_session_003_0005_20261003T155029Z.jpg,smoke,smoke_session_003,KEEP,ANNOTATED,1,
raw\smoke\smoke_session_003_0006_20261003T155054Z.jpg,smoke,smoke_session_003,KEEP,ANNOTATED,1,
raw\smoke\smoke_session_003_0007_20261003T155114Z.jpg,smoke,smoke_session_003,KEEP,ANNOTATED,1,
raw\smoke\smoke_session_003_0008_20261003T155140Z.jpg,smoke,smoke_session_003,KEEP,ANNOTATED,1,
raw\smoke\smoke_session_003_0009_20261003T155158Z.jpg,smoke,smoke_session_003,KEEP,ANNOTATED,2,
raw\smoke\smoke_session_003_0010_20261003T155229Z.jpg,smoke,smoke_session_003,KEEP,ANNOTATED,1,
raw\person\person_session_002_0001_20261003T155317Z.jpg,person,person_session_002,KEEP,ANNOTATED,1,
raw\person\person_session_002_0002_20261003T155336Z.jpg,person,person_session_002,KEEP,ANNOTATED,1,
raw\person\person_session_002_0003_20261003T155402Z.jpg,person,person_session_002,KEEP,ANNOTATED,1,
raw\person\person_session_002_0004_20261003T155426Z.jpg,person,person_session_002,KEEP,ANNOTATED,1,
raw\person\person_session_002_0005_20261003T155455Z.jpg,person,person_session_002,KEEP,ANNOTATED,1,
raw\person\person_session_002_0006_20261003T155521Z.jpg,person,person_session_002,KEEP,ANNOTATED,1,
raw\person\person_session_002_0007_20261003T155543Z.jpg,person,person_session_002,KEEP,ANNOTATED,1,
raw\person\person_session_002_0008_20261003T155601Z.jpg,person,person_session_002,KEEP,ANNOTATED,1,
raw\person\person_session_002_0009_20261003T155622Z.jpg,person,person_session_002,KEEP,ANNOTATED,1,
raw\person\person_session_002_0010_20261003T155643Z.jpg,person,person_session_002,KEEP,ANNOTATED,1,
raw\person\person_session_003_0001_20261003T155732Z.jpg,person,person_session_003,KEEP,ANNOTATED,1,
raw\person\person_session_003_0002_20261003T155806Z.jpg,person,person_session_003,KEEP,ANNOTATED,1,
raw\person\person_session_003_0003_20261003T155824Z.jpg,person,person_session_003,KEEP,ANNOTATED,1,
raw\person\person_session_003_0004_20261003T155845Z.jpg,person,person_session_003,KEEP,ANNOTATED,1,
raw\person\person_session_003_0005_20261003T155906Z.jpg,person,person_session_003,KEEP,ANNOTATED,1,
raw\person\person_session_003_0006_20261003T155929Z.jpg,person,person_session_003,KEEP,ANNOTATED,1,
raw\person\person_session_003_0007_20261003T155949Z.jpg,person,person_session_003,KEEP,ANNOTATED,1,
raw\person\person_session_003_0008_20261003T160012Z.jpg,person,person_session_003,KEEP,ANNOTATED,1,
raw\person\person_session_003_0009_20261003T160034Z.jpg,person,person_session_003,KEEP,ANNOTATED,1,
raw\person\person_session_003_0010_20261003T160056Z.jpg,person,person_session_003,KEEP,ANNOTATED,1,
raw\negative\negative_session_003_0001_20261003T160213Z.jpg,negative,negative_session_003,KEEP,NEGATIVE_CONFIRMED,0,
raw\negative\negative_session_003_0002_20261003T160234Z.jpg,negative,negative_session_003,KEEP,NEGATIVE_CONFIRMED,0,
raw\negative\negative_session_003_0003_20261003T160256Z.jpg,negative,negative_session_003,KEEP,NEGATIVE_CONFIRMED,0,
raw\negative\negative_session_003_0004_20261003T160319Z.jpg,negative,negative_session_003,KEEP,NEGATIVE_CONFIRMED,0,
raw\negative\negative_session_003_0005_20261003T160341Z.jpg,negative,negative_session_003,KEEP,NEGATIVE_CONFIRMED,0,
raw\negative\negative_session_003_0006_20261003T160402Z.jpg,negative,negative_session_003,KEEP,NEGATIVE_CONFIRMED,0,
raw\negative\negative_session_003_0007_20261003T160421Z.jpg,negative,negative_session_003,KEEP,NEGATIVE_CONFIRMED,0,
raw\negative\negative_session_003_0008_20261003T160447Z.jpg,negative,negative_session_003,KEEP,NEGATIVE_CONFIRMED,0,
raw\negative\negative_session_003_0009_20261003T160520Z.jpg,negative,negative_session_003,KEEP,NEGATIVE_CONFIRMED,0,
raw\negative\negative_session_003_0010_20261003T160553Z.jpg,negative,negative_session_003,KEEP,NEGATIVE_CONFIRMED,0,
raw/fire/fire_session_004_0001_20261003T175127Z.jpg,fire,fire_session_004,KEEP,ANNOTATED,1,
raw/fire/fire_session_004_0002_20261003T175137Z.jpg,fire,fire_session_004,KEEP,ANNOTATED,1,
raw/fire/fire_session_004_0003_20261003T175201Z.jpg,fire,fire_session_004,KEEP,ANNOTATED,1,
raw/fire/fire_session_004_0004_20261003T175219Z.jpg,fire,fire_session_004,KEEP,ANNOTATED,1,
raw/fire/fire_session_004_0005_20261003T175248Z.jpg,fire,fire_session_004,KEEP,ANNOTATED,1,
raw/fire/fire_session_004_0006_20261003T175305Z.jpg,fire,fire_session_004,KEEP,ANNOTATED,1,
raw/fire/fire_session_004_0007_20261003T175325Z.jpg,fire,fire_session_004,KEEP,ANNOTATED,1,
raw/fire/fire_session_004_0008_20261003T175348Z.jpg,fire,fire_session_004,KEEP,ANNOTATED,1,
raw/fire/fire_session_004_0009_20261003T175412Z.jpg,fire,fire_session_004,KEEP,ANNOTATED,1,
raw/fire/fire_session_004_0010_20261003T175437Z.jpg,fire,fire_session_004,KEEP,ANNOTATED,1,
raw/fire/fire_session_004_0011_20261003T175647Z.jpg,fire,fire_session_004,KEEP,ANNOTATED,1,
raw/fire/fire_session_004_0012_20261003T175718Z.jpg,fire,fire_session_004,KEEP,ANNOTATED,1,
raw/fire/fire_session_004_0013_20261003T175809Z.jpg,fire,fire_session_004,KEEP,ANNOTATED,1,
raw/fire/fire_session_004_0014_20261003T175838Z.jpg,fire,fire_session_004,KEEP,ANNOTATED,1,
raw/fire/fire_session_004_0015_20261003T175907Z.jpg,fire,fire_session_004,KEEP,ANNOTATED,1,
raw/fire/fire_session_004_0016_20261003T175941Z.jpg,fire,fire_session_004,KEEP,ANNOTATED,1,
raw/fire/fire_session_004_0017_20261003T180011Z.jpg,fire,fire_session_004,KEEP,ANNOTATED,1,
