filename,class,session_id,timestamp,camera_index,native_resolution,crop_x,crop_y,crop_width,crop_height,saved_resolution,image_hash,duplicate_warning
raw\negative\negative_session_001_0001_20261003T143907Z.jpg,negative,negative_session_001,2026-10-03T14:39:07.886770+00:00,1,1920x1080,340,80,1080,840,1080x840,3cbdecc1b29d00d2e1cbb7237c9eaa23d451a64e3da2d50fb313ca77a963e848,NO
raw\negative\negative_session_001_0002_20261003T143909Z.jpg,negative,negative_session_001,2026-10-03T14:39:09.862613+00:00,1,1920x1080,340,80,1080,840,1080x840,5e544c2e511419681f6c34eb07ef5ffdc2d760fc633fad84d12b55e4f30c8028,YES
raw\negative\negative_session_001_0003_20261003T143931Z.jpg,negative,negative_session_001,2026-10-03T14:39:31.974010+00:00,1,1920x1080,340,80,1080,840,1080x840,c4793429b519bc88bd50cd77bf74040afc7333102a190fbe89535a5ec97bed11,YES
raw\negative\negative_session_001_0004_20261003T143935Z.jpg,negative,negative_session_001,2026-10-03T14:39:35.847340+00:00,1,1920x1080,340,80,1080,840,1080x840,a969bca782d86789423d32980fbeedfef4ea8c292996ae9098bc2cd558d140ec,YES
raw\negative\negative_session_001_0005_20261003T144407Z.jpg,negative,negative_session_001,2026-10-03T14:44:07.997532+00:00,1,1920x1080,340,80,1080,840,1080x840,b34fd811d6bad2b67f75e75e3b59c50e8fdfa8fee55c0f5ce88e96b4a0923d1e,NO
raw\negative\negative_session_001_0006_20261003T144415Z.jpg,negative,negative_session_001,2026-10-03T14:44:15.701802+00:00,1,1920x1080,340,80,1080,840,1080x840,01386cfa507ac15a5fdc33cbe92f81b70a783fbf7b361215a6d0ae73b39a80be,YES
raw\negative\negative_session_001_0007_20261003T144416Z.jpg,negative,negative_session_001,2026-10-03T14:44:16.857026+00:00,1,1920x1080,340,80,1080,840,1080x840,f680d8dbcbc2394fee9ad38a40fcc2f4bd0bc1c46ae145d49b77e76ad319f866,YES
raw\negative\negative_session_001_0008_20261003T144423Z.jpg,negative,negative_session_001,2026-10-03T14:44:23.433036+00:00,1,1920x1080,340,80,1080,840,1080x840,fcbfe59afbcc1339a00837d8da689eca7bc80a86520f41902b1d8195633d19f0,NO
raw\negative\negative_session_001_0009_20261003T144425Z.jpg,negative,negative_session_001,2026-10-03T14:44:25.858255+00:00,1,1920x1080,340,80,1080,840,1080x840,955a4f59cc6f501b330618e47b9e2e4d7197c3ce9bf7dc67b6d4c35364b719e4,YES
raw\negative\negative_session_001_0010_20261003T144427Z.jpg,negative,negative_session_001,2026-10-03T14:44:27.871844+00:00,1,1920x1080,340,80,1080,840,1080x840,ea94be1ac6db2c0007276ca13d445dd73bf0a84e3e4cc774be2be5b8f60367dd,YES
raw\negative\negative_session_001_0011_20261003T144429Z.jpg,negative,negative_session_001,2026-10-03T14:44:29.783436+00:00,1,1920x1080,340,80,1080,840,1080x840,d271e91a9da174df13bf6140d8113a8ab99d26ce4bd55197ada20dcddf288336,NO
raw\negative\negative_session_001_0012_20261003T144434Z.jpg,negative,negative_session_001,2026-10-03T14:44:34.472604+00:00,1,1920x1080,340,80,1080,840,1080x840,e81a3205a0ee186e546a26e7cb22b01c612fa7c66a71a465cc58e32f565c800a,YES
raw\negative\negative_session_001_0013_20261003T144437Z.jpg,negative,negative_session_001,2026-10-03T14:44:37.026637+00:00,1,1920x1080,340,80,1080,840,1080x840,2e4e85762b5ef2fda159ddcebe93a167da70973b669937c77709de6e81702b40,YES
raw\negative\negative_session_001_0014_20261003T144439Z.jpg,negative,negative_session_001,2026-10-03T14:44:39.483180+00:00,1,1920x1080,340,80,1080,840,1080x840,2bc2dc0c5b7ef7645cfb09c4a54db3562daeab66abcfb77c8aba034a3cfc609d,YES
raw\negative\negative_session_001_0015_20261003T144445Z.jpg,negative,negative_session_001,2026-10-03T14:44:45.270277+00:00,1,1920x1080,340,80,1080,840,1080x840,147d1c2e24f35a0da71fdb69c20bded9b2741938f341c3845ca4352837fae240,YES
raw\negative\negative_session_001_0016_20261003T144448Z.jpg,negative,negative_session_001,2026-10-03T14:44:48.307877+00:00,1,1920x1080,340,80,1080,840,1080x840,92241e0f2a4d177510dd40dfc7de4d3edc057eb330a51462953f3e4485b25e2f,YES
raw\negative\negative_session_001_0017_20261003T144453Z.jpg,negative,negative_session_001,2026-10-03T14:44:53.792894+00:00,1,1920x1080,340,80,1080,840,1080x840,3623830065c173144265e48eb7d2f88b2524a25d9f950c5176041b46c07a8124,YES
raw\negative\negative_session_001_0018_20261003T144457Z.jpg,negative,negative_session_001,2026-10-03T14:44:57.805167+00:00,1,1920x1080,340,80,1080,840,1080x840,0d56d2e8b1dfcf7738d1b6c8eeee5841635aa146d2271f7840a798ce614de49c,NO
raw\negative\negative_session_001_0019_20261003T144512Z.jpg,negative,negative_session_001,2026-10-03T14:45:12.044435+00:00,1,1920x1080,340,80,1080,840,1080x840,2dae4a0539ac17bb6cfdb91ba936b8c52a44c499e8d42ef1d1ac78dd51043a9e,NO
raw\negative\negative_session_001_0020_20261003T144514Z.jpg,negative,negative_session_001,2026-10-03T14:45:14.293612+00:00,1,1920x1080,340,80,1080,840,1080x840,626a0eada4779fe8a7150317670d68611d5db1e50ab809d0ec5cccfbabdd60e7,YES
raw\negative\negative_session_001_0021_20261003T144517Z.jpg,negative,negative_session_001,2026-10-03T14:45:17.305952+00:00,1,1920x1080,340,80,1080,840,1080x840,27ac65c644227aeb96c6909054d5167d21235d74b0e547afedbcdd9fa149d317,YES
raw\negative\negative_session_001_0022_20261003T144530Z.jpg,negative,negative_session_001,2026-10-03T14:45:30.962122+00:00,1,1920x1080,340,80,1080,840,1080x840,e2744dab1144c68e1f30bc98c48aec962ae7846abd3962f0052946270efb100a,NO
raw\negative\negative_session_001_0023_20261003T144535Z.jpg,negative,negative_session_001,2026-10-03T14:45:35.410514+00:00,1,1920x1080,340,80,1080,840,1080x840,09343d322fc711b9e9d9fe801cf373daf4aa23fdc9b342c19c4e1c61dda6dbd2,YES
raw\negative\negative_session_001_0024_20261003T144540Z.jpg,negative,negative_session_001,2026-10-03T14:45:40.614685+00:00,1,1920x1080,340,80,1080,840,1080x840,eaf79e0357eb576437a691b7d40c4835d310caa229c4fdc20e46b8bb1978bc12,NO
raw\negative\negative_session_001_0025_20261003T144543Z.jpg,negative,negative_session_001,2026-10-03T14:45:43.825451+00:00,1,1920x1080,340,80,1080,840,1080x840,b1b51901983ff9bb2cee121617b4b3ce5e2f29b19baa1ff16faa6a6fda786853,NO
raw\negative\negative_session_001_0026_20261003T144547Z.jpg,negative,negative_session_001,2026-10-03T14:45:48.014321+00:00,1,1920x1080,340,80,1080,840,1080x840,e76111fb7c977b1fa7450084f93226c884800d015fff674d04bf7ef73079dc7b,NO
raw\negative\negative_session_001_0027_20261003T144555Z.jpg,negative,negative_session_001,2026-10-03T14:45:55.327128+00:00,1,1920x1080,340,80,1080,840,1080x840,9a627c69275455904b70b895dfa674118971538d7729a5ebe994af168993df5a,YES
raw\negative\negative_session_001_0028_20261003T144557Z.jpg,negative,negative_session_001,2026-10-03T14:45:57.530093+00:00,1,1920x1080,340,80,1080,840,1080x840,fab12a9de68c91341f0299b18e833960a862a3bb3a4cc4fb5a7e8a52f89319e8,NO
raw\negative\negative_session_001_0029_20261003T144600Z.jpg,negative,negative_session_001,2026-10-03T14:46:00.082960+00:00,1,1920x1080,340,80,1080,840,1080x840,e5144cd9f16aa7699510fea4c7a75bf7a8b96ff0ec7e8663a9338953c946b088,YES
raw\negative\negative_session_001_0030_20261003T144603Z.jpg,negative,negative_session_001,2026-10-03T14:46:03.116141+00:00,1,1920x1080,340,80,1080,840,1080x840,a086497d2512d78a304f4844b03f25046e7de1c604786761d601a57f77377153,YES
raw\negative\negative_session_001_0031_20261003T144605Z.jpg,negative,negative_session_001,2026-10-03T14:46:05.186892+00:00,1,1920x1080,340,80,1080,840,1080x840,81dd1825fb4d8806e98e046d12790259184725000bcb67af67838c8f94f32808,YES
raw\negative\negative_session_001_0032_20261003T144608Z.jpg,negative,negative_session_001,2026-10-03T14:46:08.768613+00:00,1,1920x1080,340,80,1080,840,1080x840,7f539d149697d6cee68f7c4391d7c2e6c395989a26f8b8c4e6b83e5c1a8105d0,YES
raw\negative\negative_session_001_0033_20261003T144611Z.jpg,negative,negative_session_001,2026-10-03T14:46:11.428510+00:00,1,1920x1080,340,80,1080,840,1080x840,715fea80a43477531c0793f7677f1ccd24dc5cda55dfada0e2aff0e8bfc37106,YES
raw\negative\negative_session_001_0034_20261003T144614Z.jpg,negative,negative_session_001,2026-10-03T14:46:14.493721+00:00,1,1920x1080,340,80,1080,840,1080x840,c865642a028d6d0f910913960222008abfbbeb8fac6fa1ca50a8f0d854823475,YES
raw\negative\negative_session_001_0035_20261003T144616Z.jpg,negative,negative_session_001,2026-10-03T14:46:16.576857+00:00,1,1920x1080,340,80,1080,840,1080x840,0f522f805203115005ec94685bcaaeda350bf9ffd08c30b2aad751526b7a7f33,YES
raw\negative\negative_session_001_0036_20261003T144618Z.jpg,negative,negative_session_001,2026-10-03T14:46:18.409251+00:00,1,1920x1080,340,80,1080,840,1080x840,d907598ad595d53f3a42e6c09b7cb984afd1edfba08b3886db87f026da3d7058,NO
raw\negative\negative_session_001_0037_20261003T144621Z.jpg,negative,negative_session_001,2026-10-03T14:46:21.187552+00:00,1,1920x1080,340,80,1080,840,1080x840,7cee6f510c05e223b245da1bed3f4bb55cbffc944655847947c7653976e1faa0,NO
raw\negative\negative_session_001_0038_20261003T144626Z.jpg,negative,negative_session_001,2026-10-03T14:46:26.369844+00:00,1,1920x1080,340,80,1080,840,1080x840,64e98edf38e63da3434bfd88b0431924019223fd5bb8fafb9573bec756b13e52,NO
raw\negative\negative_session_001_0039_20261003T144630Z.jpg,negative,negative_session_001,2026-10-03T14:46:31.001402+00:00,1,1920x1080,340,80,1080,840,1080x840,32fa39e68754a60ecc018ac6988903f523b3a93a0f6724d3adf7f3a46b68d090,NO
raw\negative\negative_session_001_0040_20261003T144633Z.jpg,negative,negative_session_001,2026-10-03T14:46:33.276663+00:00,1,1920x1080,340,80,1080,840,1080x840,49748f32e08ef6afdb9a640466745598ac2a786b549dd619577734b8a1e38289,NO
raw\negative\negative_session_001_0041_20261003T144635Z.jpg,negative,negative_session_001,2026-10-03T14:46:35.562470+00:00,1,1920x1080,340,80,1080,840,1080x840,7c932fa56044377a66dc203bf00668c5cb1605455f25cdd2575ac4c4eb82beb9,NO
raw\negative\negative_session_001_0042_20261003T144700Z.jpg,negative,negative_session_001,2026-10-03T14:47:00.662256+00:00,1,1920x1080,340,80,1080,840,1080x840,035a184ae5afd33fa640b6a0521361a609d9201c08f257658df94b1449596e3d,NO
raw\negative\negative_session_001_0043_20261003T144703Z.jpg,negative,negative_session_001,2026-10-03T14:47:03.514874+00:00,1,1920x1080,340,80,1080,840,1080x840,683ca6467c835c9bd7da7785cd97409330ab7e6f10edfa82eed6c3640cb66aee,NO
raw\negative\negative_session_001_0044_20261003T144707Z.jpg,negative,negative_session_001,2026-10-03T14:47:07.056524+00:00,1,1920x1080,340,80,1080,840,1080x840,45064b5acc20ac313a1f4a9de2f9644129a6cf6bc1682981cebaa0f481f2bb76,NO
raw\negative\negative_session_001_0045_20261003T144710Z.jpg,negative,negative_session_001,2026-10-03T14:47:10.749995+00:00,1,1920x1080,340,80,1080,840,1080x840,5d2e1a93abf4000d7766bedc567d4055e93c9692436add5c4aeeb95930938848,NO
raw\negative\negative_session_001_0046_20261003T144714Z.jpg,negative,negative_session_001,2026-10-03T14:47:14.466727+00:00,1,1920x1080,340,80,1080,840,1080x840,732e2b16f6e4868f995b61d134b1bb2a4657a9e8b7ee91c83b16f640194a6db6,NO
raw\negative\negative_session_001_0047_20261003T144716Z.jpg,negative,negative_session_001,2026-10-03T14:47:16.251510+00:00,1,1920x1080,340,80,1080,840,1080x840,fbfe48541202100f5db15f6b0dd3388455461e71f0dd750ae8409be2fa2f140f,NO
raw\negative\negative_session_001_0048_20261003T144718Z.jpg,negative,negative_session_001,2026-10-03T14:47:18.437546+00:00,1,1920x1080,340,80,1080,840,1080x840,a2392174eadd9a547b59333ef36707b0aaac238c99c744ddd0223e4b709d3182,YES
raw\negative\negative_session_001_0049_20261003T144722Z.jpg,negative,negative_session_001,2026-10-03T14:47:22.650325+00:00,1,1920x1080,340,80,1080,840,1080x840,9769239bcf303ff47dac226a74ea73a1a14582bffb207f59fbd5e7ca58f88f61,YES
raw\negative\negative_session_001_0050_20261003T144728Z.jpg,negative,negative_session_001,2026-10-03T14:47:28.853997+00:00,1,1920x1080,340,80,1080,840,1080x840,b670bf387f927976d552c7d637776fff7eacc5bd87cef0d2afe9e7b236b74298,YES
raw\negative\negative_session_001_0051_20261003T144731Z.jpg,negative,negative_session_001,2026-10-03T14:47:31.488618+00:00,1,1920x1080,340,80,1080,840,1080x840,d8bb08a358e645d6d41678c684a48e13554b7fb5fbea0049d7641d37fa0b90b8,YES
raw\negative\negative_session_001_0052_20261003T144735Z.jpg,negative,negative_session_001,2026-10-03T14:47:35.455958+00:00,1,1920x1080,340,80,1080,840,1080x840,220fad36a46778294a4a0db448046029b4890779472afaf6b1cbff057a022f66,YES
raw\negative\negative_session_001_0053_20261003T144740Z.jpg,negative,negative_session_001,2026-10-03T14:47:40.284394+00:00,1,1920x1080,340,80,1080,840,1080x840,35a789623d54ac6b30fb5e5241750b6d095849372c44ea85eca75ec5b2c6c155,YES
raw\negative\negative_session_001_0054_20261003T144743Z.jpg,negative,negative_session_001,2026-10-03T14:47:43.365534+00:00,1,1920x1080,340,80,1080,840,1080x840,f0ce4a5d113907a940fa04064e0dfe7a713d04faf13fd51d35c43fc507276978,YES
raw\negative\negative_session_001_0055_20261003T144745Z.jpg,negative,negative_session_001,2026-10-03T14:47:45.919595+00:00,1,1920x1080,340,80,1080,840,1080x840,4c5619208cec49748d84682daf37f9bf6c0fd2b2881258be30d5c098deab118a,YES
raw\negative\negative_session_001_0056_20261003T144749Z.jpg,negative,negative_session_001,2026-10-03T14:47:49.815222+00:00,1,1920x1080,340,80,1080,840,1080x840,2616fbf6153ef58860ed51ca9db3c67627008cb0b5ee6003ad3594f7c1a54dd5,YES
raw\negative\negative_session_001_0057_20261003T144751Z.jpg,negative,negative_session_001,2026-10-03T14:47:51.759670+00:00,1,1920x1080,340,80,1080,840,1080x840,567be310ac75cf061d7a627eb7ed9a2bbc356824fa3a5e0e60c9963d92819018,NO
raw\negative\negative_session_001_0058_20261003T144809Z.jpg,negative,negative_session_001,2026-10-03T14:48:09.189510+00:00,1,1920x1080,340,80,1080,840,1080x840,39412aa331434aedca2214f700e31c441d7537144d54088dea0f10c424d1ae8a,NO
raw\negative\negative_session_001_0059_20261003T144810Z.jpg,negative,negative_session_001,2026-10-03T14:48:10.951935+00:00,1,1920x1080,340,80,1080,840,1080x840,08222465e761b44289c0834e4c9ea0e2f0b3641e8cd2a0eacfe8d90b1246e488,YES
raw\negative\negative_session_001_0060_20261003T144816Z.jpg,negative,negative_session_001,2026-10-03T14:48:16.212600+00:00,1,1920x1080,340,80,1080,840,1080x840,35e03614d89894b0ae86ded6465a5c75891b1032396aa6f68c034e7ea162ee80,YES
raw\negative\negative_session_001_0061_20261003T144819Z.jpg,negative,negative_session_001,2026-10-03T14:48:19.926128+00:00,1,1920x1080,340,80,1080,840,1080x840,ea0cb563ada495ebd98356082ccc1e2b150856374a47652dd29032757831b74d,YES
raw\negative\negative_session_001_0062_20261003T144822Z.jpg,negative,negative_session_001,2026-10-03T14:48:22.204543+00:00,1,1920x1080,340,80,1080,840,1080x840,d6189bc230d92a16f626b26ac09650d5217fa02b286d3e21827ac242e44155ca,NO
raw\negative\negative_session_001_0063_20261003T144826Z.jpg,negative,negative_session_001,2026-10-03T14:48:26.021157+00:00,1,1920x1080,340,80,1080,840,1080x840,44a4eb988afbd6637ff97e45b4604aba9ac77bdb8340818c07d55a547b84871a,NO
raw\negative\negative_session_001_0064_20261003T144829Z.jpg,negative,negative_session_001,2026-10-03T14:48:29.769659+00:00,1,1920x1080,340,80,1080,840,1080x840,4b819c1ae73c3efb669f18419591f275f4dcacb05d6d889e075240c6b229ecfe,NO
raw\negative\negative_session_001_0065_20261003T144832Z.jpg,negative,negative_session_001,2026-10-03T14:48:33.001626+00:00,1,1920x1080,340,80,1080,840,1080x840,13817a48a556748c8086a33b76e1c9028221b363f81f4e5d31e510d004aa8666,NO
raw\negative\negative_session_001_0066_20261003T144835Z.jpg,negative,negative_session_001,2026-10-03T14:48:35.546567+00:00,1,1920x1080,340,80,1080,840,1080x840,299bf89f834bece37e3248db45f03399a6f05d78e54e3d65953e3b88d4a7a3d2,YES
raw\negative\negative_session_001_0067_20261003T144848Z.jpg,negative,negative_session_001,2026-10-03T14:48:48.768966+00:00,1,1920x1080,340,80,1080,840,1080x840,ca03caa44b496b0a516337b6064066c3079b9fb28a22e721900977cd4b463ba5,NO
raw\negative\negative_session_001_0068_20261003T144853Z.jpg,negative,negative_session_001,2026-10-03T14:48:53.297167+00:00,1,1920x1080,340,80,1080,840,1080x840,c5a39b136948c2392145d11b7e932e7ac4a30a95c0b767bf171ed28a78d9d449,NO
raw\negative\negative_session_001_0069_20261003T144855Z.jpg,negative,negative_session_001,2026-10-03T14:48:55.895047+00:00,1,1920x1080,340,80,1080,840,1080x840,a62a0a84602c1b7211684be007ce0ecdab6e2954e8212a3f2fe761a74463b8f7,YES
raw\negative\negative_session_001_0070_20261003T144857Z.jpg,negative,negative_session_001,2026-10-03T14:48:57.667643+00:00,1,1920x1080,340,80,1080,840,1080x840,24c219c55d0381e01d85103bfe5100e11b25735146aa934aea73cf2e824d3883,YES
raw\negative\negative_session_001_0071_20261003T144859Z.jpg,negative,negative_session_001,2026-10-03T14:48:59.859967+00:00,1,1920x1080,340,80,1080,840,1080x840,0122bd50e6d2dc00eb160463f079dce4f8790dc4be36a1bd8591411ba55cc702,NO
raw\negative\negative_session_001_0072_20261003T144903Z.jpg,negative,negative_session_001,2026-10-03T14:49:03.563727+00:00,1,1920x1080,340,80,1080,840,1080x840,f52c3b039a3df4bfc80564268ce058afa8fe0e842ce38e5afbfe61fcd5e96545,NO
raw\negative\negative_session_001_0073_20261003T144906Z.jpg,negative,negative_session_001,2026-10-03T14:49:06.659694+00:00,1,1920x1080,340,80,1080,840,1080x840,15b5f870c4add2ed9d317ddb6849c0ea2418984bb650b06b893d5121e7b8cbb5,YES
raw\negative\negative_session_001_0074_20261003T144915Z.jpg,negative,negative_session_001,2026-10-03T14:49:15.626831+00:00,1,1920x1080,340,80,1080,840,1080x840,95c8cd969e2a38773e3162d49924f0311bebb9f0ec8190111c1a905e91d73bf7,NO
raw\negative\negative_session_001_0075_20261003T144921Z.jpg,negative,negative_session_001,2026-10-03T14:49:21.270158+00:00,1,1920x1080,340,80,1080,840,1080x840,5d7a9aed3cf92b871e3b3fedc127cf46194c46c7609bbf7eadf9d63ba1455f78,YES
raw\negative\negative_session_001_0076_20261003T144924Z.jpg,negative,negative_session_001,2026-10-03T14:49:24.735218+00:00,1,1920x1080,340,80,1080,840,1080x840,3f28de9b9b47c39dd556126b8c7139fb78f0b94bc59aa43daea5649766504706,NO
raw\negative\negative_session_001_0077_20261003T144928Z.jpg,negative,negative_session_001,2026-10-03T14:49:28.891552+00:00,1,1920x1080,340,80,1080,840,1080x840,25ac17aaea94c453667846c084245a0e585a0112eb82909eb4c9655a5cd37678,NO
raw\negative\negative_session_001_0078_20261003T144933Z.jpg,negative,negative_session_001,2026-10-03T14:49:33.250249+00:00,1,1920x1080,340,80,1080,840,1080x840,bc597c44e3538095162c221b8be77607e518c855f04dfe5d0f49c241742494c9,YES
raw\negative\negative_session_001_0079_20261003T144936Z.jpg,negative,negative_session_001,2026-10-03T14:49:36.475577+00:00,1,1920x1080,340,80,1080,840,1080x840,befc8c499281941072569b3d113618d042b693b871867df276d15b33df8840b0,YES
raw\negative\negative_session_001_0080_20261003T144939Z.jpg,negative,negative_session_001,2026-10-03T14:49:39.945092+00:00,1,1920x1080,340,80,1080,840,1080x840,1f8d73170259406865773bc6f8f51bca9898ff01e8e0ee2d993ce9c018842ff8,NO
raw\negative\negative_session_001_0081_20261003T145017Z.jpg,negative,negative_session_001,2026-10-03T14:50:17.987998+00:00,1,1920x1080,340,80,1080,840,1080x840,2bfa061b5e9de39382263e3cbc4d4992dc59c22a0ed64eabffcc10d28badf7a8,NO
raw\negative\negative_session_002_0082_20261003T145128Z.jpg,negative,negative_session_002,2026-10-03T14:51:28.743338+00:00,1,1920x1080,340,80,1080,840,1080x840,61ae578dcb65e11a0edd18c2760d220ba1623dd408c8e4993066e72037117c4e,YES
raw\negative\negative_session_002_0083_20261003T145130Z.jpg,negative,negative_session_002,2026-10-03T14:51:30.384806+00:00,1,1920x1080,340,80,1080,840,1080x840,8f4b577d5e03e7676e8c121a3d95dcdae368f8a35c99fb51bedb76c536145510,YES
raw\negative\negative_session_002_0084_20261003T145131Z.jpg,negative,negative_session_002,2026-10-03T14:51:31.799722+00:00,1,1920x1080,340,80,1080,840,1080x840,bc161815e0db4db9953306eb36cf23e278249706cb440d571428cc3dc5dcee33,YES
raw\negative\negative_session_002_0085_20261003T145132Z.jpg,negative,negative_session_002,2026-10-03T14:51:32.904167+00:00,1,1920x1080,340,80,1080,840,1080x840,c759c817b522da626ea86900c56bc35524c2a1b95e0a80d1c3c1bf766d9860ea,YES
raw\negative\negative_session_002_0086_20261003T145133Z.jpg,negative,negative_session_002,2026-10-03T14:51:33.651682+00:00,1,1920x1080,340,80,1080,840,1080x840,9c7d920b434ba028d8a152eb048c16e4294fa1f7df1695f9a259f8ed494ecb74,YES
raw\negative\negative_session_002_0087_20261003T145134Z.jpg,negative,negative_session_002,2026-10-03T14:51:34.323684+00:00,1,1920x1080,340,80,1080,840,1080x840,93a6c301f95a7fbf01ed73de897a6d58a1c82e92bacbab6431efe68ec3d8a5f1,YES
raw\negative\negative_session_002_0088_20261003T145134Z.jpg,negative,negative_session_002,2026-10-03T14:51:34.945104+00:00,1,1920x1080,340,80,1080,840,1080x840,cb13def5e82fe6ed07b14e48f12bce38294a47a602a1aac06e74384609d5f479,YES
raw\negative\negative_session_002_0089_20261003T145135Z.jpg,negative,negative_session_002,2026-10-03T14:51:35.464053+00:00,1,1920x1080,340,80,1080,840,1080x840,870c354187511408d10551ad8499cb717f6b01cf5ecd3e7f63c1da978fc8dafe,YES
raw\negative\negative_session_002_0090_20261003T145136Z.jpg,negative,negative_session_002,2026-10-03T14:51:36.082628+00:00,1,1920x1080,340,80,1080,840,1080x840,7d22bc3940dbefa83da7dc1ef317024d79f080014a216e0e2f8d9f5f272eb495,YES
raw\negative\negative_session_002_0091_20261003T145136Z.jpg,negative,negative_session_002,2026-10-03T14:51:36.643690+00:00,1,1920x1080,340,80,1080,840,1080x840,4834815649dd236ba8272c08545e599e85ea16468d98b51473d4edbc5be0c655,YES
raw\negative\negative_session_002_0092_20261003T145150Z.jpg,negative,negative_session_002,2026-10-03T14:51:50.133282+00:00,1,1920x1080,340,80,1080,840,1080x840,eb734b7427e1819073b6767e46a2fad4cfdb0dd284d4dea76dc98ae314b2307d,NO
raw\negative\negative_session_002_0093_20261003T145151Z.jpg,negative,negative_session_002,2026-10-03T14:51:51.966031+00:00,1,1920x1080,340,80,1080,840,1080x840,463ac50bbaee0028b5e9b600e976265112d5d27fc09948e508fab1a3dc06ea91,NO
raw\negative\negative_session_002_0094_20261003T145154Z.jpg,negative,negative_session_002,2026-10-03T14:51:54.245969+00:00,1,1920x1080,340,80,1080,840,1080x840,fa28a88bb12fd0002c4c3a26daf68998e3d54b709a8833238acc2ad7f4785d6c,NO
raw\negative\negative_session_002_0095_20261003T145156Z.jpg,negative,negative_session_002,2026-10-03T14:51:56.981582+00:00,1,1920x1080,340,80,1080,840,1080x840,fa8f08be3fb6a56db75c654ae841a17813eb6ab82d0b1fa42bbc4f4890db8b05,YES
raw\negative\negative_session_002_0096_20261003T145200Z.jpg,negative,negative_session_002,2026-10-03T14:52:00.151358+00:00,1,1920x1080,340,80,1080,840,1080x840,b943b4882055b83ea7aee623d5fcc40c6141848435170e9f571192dbfa4f28cc,YES
raw\negative\negative_session_002_0097_20261003T145203Z.jpg,negative,negative_session_002,2026-10-03T14:52:03.373134+00:00,1,1920x1080,340,80,1080,840,1080x840,b15edf67ea20738cf68675cf707d1c5fe57f9fd253f0aa40c1412d7f24d02edb,NO
raw\negative\negative_session_002_0098_20261003T145205Z.jpg,negative,negative_session_002,2026-10-03T14:52:05.702100+00:00,1,1920x1080,340,80,1080,840,1080x840,3a6ecebc428689408356f8e40d367e6eb45a7505d2c5d21431f508f1c34f9325,NO
raw\negative\negative_session_002_0099_20261003T145210Z.jpg,negative,negative_session_002,2026-10-03T14:52:10.091587+00:00,1,1920x1080,340,80,1080,840,1080x840,4c2d26baf6a276144c06ccff9f9c2b3b4ad9301f7800c9715dd4d4557a111795,NO
raw\negative\negative_session_002_0100_20261003T145211Z.jpg,negative,negative_session_002,2026-10-03T14:52:11.764458+00:00,1,1920x1080,340,80,1080,840,1080x840,a599e9edd9f0729fab241873000999ecf28f9cc6c3d9f75c120367284008192e,YES
raw\negative\negative_session_002_0101_20261003T145215Z.jpg,negative,negative_session_002,2026-10-03T14:52:15.450283+00:00,1,1920x1080,340,80,1080,840,1080x840,cf10a4a312f2ef0ce3de62860b190cba7c45763f925a7db0e2387d244bac4d53,YES
raw\negative\negative_session_002_0102_20261003T145217Z.jpg,negative,negative_session_002,2026-10-03T14:52:17.521461+00:00,1,1920x1080,340,80,1080,840,1080x840,4e161744a089405aa8ebe9e366b7ecb06896970a52db81c00117b04ded437966,YES
raw\negative\negative_session_002_0103_20261003T145219Z.jpg,negative,negative_session_002,2026-10-03T14:52:19.721369+00:00,1,1920x1080,340,80,1080,840,1080x840,5bc00c2f064a7ed4855bd26bc874f443d46e4b8cda29cba6f281ce04cabf5c6f,YES
raw\negative\negative_session_002_0104_20261003T145221Z.jpg,negative,negative_session_002,2026-10-03T14:52:21.964839+00:00,1,1920x1080,340,80,1080,840,1080x840,7e99715db1009ac82e904e1e38308c1a65340c429e75956346e7cebf50b37ab5,YES
raw\negative\negative_session_002_0105_20261003T145224Z.jpg,negative,negative_session_002,2026-10-03T14:52:24.944760+00:00,1,1920x1080,340,80,1080,840,1080x840,d911a1cbab0772d67dd666dd232d3e51fda13a29d2ff5829b8a60a398096e1c3,NO
raw\negative\negative_session_002_0106_20261003T145226Z.jpg,negative,negative_session_002,2026-10-03T14:52:26.934780+00:00,1,1920x1080,340,80,1080,840,1080x840,be15691788f7f9d6bb7ab54c358f56ea53083507eb3369f63b7cf8c9b0008fe3,NO
raw\negative\negative_session_002_0107_20261003T145228Z.jpg,negative,negative_session_002,2026-10-03T14:52:28.701348+00:00,1,1920x1080,340,80,1080,840,1080x840,ecfd6a3111159c24b132dd88dd59a63aaab2de8733d5678c2cb03069c3904313,YES
raw\negative\negative_session_002_0108_20261003T145232Z.jpg,negative,negative_session_002,2026-10-03T14:52:32.915022+00:00,1,1920x1080,340,80,1080,840,1080x840,9d40d07ac9c9e05d53669d33b18b6467ea97ebb152c879e2e86779cc11fa5c86,NO
raw\negative\negative_session_002_0109_20261003T145234Z.jpg,negative,negative_session_002,2026-10-03T14:52:34.587417+00:00,1,1920x1080,340,80,1080,840,1080x840,7e4dd636389f248ed7a31b4da13d7c62be83bd8e2a5548cb79fd2a73b41ecaec,NO
raw\negative\negative_session_002_0110_20261003T145236Z.jpg,negative,negative_session_002,2026-10-03T14:52:36.314594+00:00,1,1920x1080,340,80,1080,840,1080x840,40a194f4c554f6c233e1f6d923bca1180dbfe19c8c29630571f9bf6b04eaa294,NO
raw\person\person_session_001_0001_20261003T145410Z.jpg,person,person_session_001,2026-10-03T14:54:10.363281+00:00,1,1920x1080,340,80,1080,840,1080x840,e2f1beb03bd80588c991d60cec7f75f8f17bc76dc72eb0c87f8822cc49b679f5,YES
raw\person\person_session_001_0002_20261003T145417Z.jpg,person,person_session_001,2026-10-03T14:54:17.680960+00:00,1,1920x1080,340,80,1080,840,1080x840,b1d6b2f5954d1b5ca2114900426125664eb987636e449dc26340a277ffca129d,YES
raw\person\person_session_001_0003_20261003T145421Z.jpg,person,person_session_001,2026-10-03T14:54:21.018882+00:00,1,1920x1080,340,80,1080,840,1080x840,609e9128553de46f7c9e3c583324999a992479192b245c238a4a31d98aafe430,YES
raw\person\person_session_001_0004_20261003T145426Z.jpg,person,person_session_001,2026-10-03T14:54:26.426993+00:00,1,1920x1080,340,80,1080,840,1080x840,ba9c6e669fc75b735fe147a94e89819206f9993c494a2717a3b84ffa623cc108,YES
raw\person\person_session_001_0005_20261003T145430Z.jpg,person,person_session_001,2026-10-03T14:54:30.807969+00:00,1,1920x1080,340,80,1080,840,1080x840,30d8766da6bb96e43c0fc8c905c4fb069cdad08455896e67db21f3affa440730,YES
raw\person\person_session_001_0006_20261003T145433Z.jpg,person,person_session_001,2026-10-03T14:54:33.147777+00:00,1,1920x1080,340,80,1080,840,1080x840,50d079dbf3aa1ddd6172e8797563760c0b58eabd0e600360a915fefb9540a9fc,YES
raw\person\person_session_001_0007_20261003T145435Z.jpg,person,person_session_001,2026-10-03T14:54:35.872091+00:00,1,1920x1080,340,80,1080,840,1080x840,0d7d9899415c20c087aeee56e42e4224adf6054832f2bbd3afd7219bf80e531d,YES
raw\person\person_session_001_0008_20261003T145438Z.jpg,person,person_session_001,2026-10-03T14:54:38.320288+00:00,1,1920x1080,340,80,1080,840,1080x840,dac2669014d0bd3b6bb0b4e57261c15cd760b1743dc1d08d5042ffc2a7d97269,YES
raw\person\person_session_001_0009_20261003T145440Z.jpg,person,person_session_001,2026-10-03T14:54:40.538474+00:00,1,1920x1080,340,80,1080,840,1080x840,6e67c6dbecbe1efd54016712b67d8c98368ad7fadabb31460d05ad7b3ecd9ede,YES
raw\person\person_session_001_0010_20261003T145446Z.jpg,person,person_session_001,2026-10-03T14:54:46.076027+00:00,1,1920x1080,340,80,1080,840,1080x840,ae35ebab36fe9c8190a837505db0b58e75913e92d8d0d19ad83a0d1436443788,NO
raw\person\person_session_001_0011_20261003T145449Z.jpg,person,person_session_001,2026-10-03T14:54:49.202688+00:00,1,1920x1080,340,80,1080,840,1080x840,5608109dcafc802d41115ccb7093f2fa823e65f86364a44238aa0773b12eaf7b,NO
raw\person\person_session_001_0012_20261003T145451Z.jpg,person,person_session_001,2026-10-03T14:54:51.964508+00:00,1,1920x1080,340,80,1080,840,1080x840,336649486a02fd44d06d78390c12c7e55f46a8a6e4b1469717f76d0189203e70,NO
raw\person\person_session_001_0013_20261003T145456Z.jpg,person,person_session_001,2026-10-03T14:54:56.095860+00:00,1,1920x1080,340,80,1080,840,1080x840,b380df111c0d077e21b729a6bdac48cdcbb26cf2e8596b60028ee7e328023084,NO
raw\person\person_session_001_0014_20261003T145458Z.jpg,person,person_session_001,2026-10-03T14:54:58.525342+00:00,1,1920x1080,340,80,1080,840,1080x840,c399da43ea360f95482c4e9f7c95984199a598fdc991cc9a90070faf524e5ab9,NO
raw\person\person_session_001_0015_20261003T145500Z.jpg,person,person_session_001,2026-10-03T14:55:00.261496+00:00,1,1920x1080,340,80,1080,840,1080x840,4ac38d0dd022aac48ec88dc4e5578b297f7f3a014da6f53448617a3803ab1de5,NO
raw\person\person_session_001_0016_20261003T145502Z.jpg,person,person_session_001,2026-10-03T14:55:02.307435+00:00,1,1920x1080,340,80,1080,840,1080x840,c7fa882143bde5e81a9e15ce58f62dd55f04d7031a75ec5c2135ade1dec95bca,NO
raw\person\person_session_001_0017_20261003T145506Z.jpg,person,person_session_001,2026-10-03T14:55:06.270711+00:00,1,1920x1080,340,80,1080,840,1080x840,fbd6701f4990e66c0a8fd0c51cefc24ffb314ed3f74eab35dc0b1fc636ebfe41,NO
raw\person\person_session_001_0018_20261003T145506Z.jpg,person,person_session_001,2026-10-03T14:55:06.444595+00:00,1,1920x1080,340,80,1080,840,1080x840,9ff6dc4aee3960b435a924457bad7108884eea439f28acd7a0f552d68150ee9c,YES
raw\person\person_session_001_0019_20261003T145510Z.jpg,person,person_session_001,2026-10-03T14:55:10.386359+00:00,1,1920x1080,340,80,1080,840,1080x840,2a37672beba39dd5eef27d35a28ef8a2c1290893e36f42d87b194c503d54f900,NO
raw\person\person_session_001_0020_20261003T145513Z.jpg,person,person_session_001,2026-10-03T14:55:13.311740+00:00,1,1920x1080,340,80,1080,840,1080x840,229b82ecb907d53012b843246792f83d9fe9d02c93d21721c7b79869efa0a35a,NO
raw\person\person_session_001_0021_20261003T145515Z.jpg,person,person_session_001,2026-10-03T14:55:15.539728+00:00,1,1920x1080,340,80,1080,840,1080x840,8028c0a861a0c6966538914bcaf800788b96ba17fe52711c410073f1fe8b9754,NO
raw\person\person_session_001_0022_20261003T145518Z.jpg,person,person_session_001,2026-10-03T14:55:18.500678+00:00,1,1920x1080,340,80,1080,840,1080x840,82f57aab7fe5c06fb392e3679a9757d02c7836dddb77da3a06ef46b6aa81c5c5,NO
raw\person\person_session_001_0023_20261003T145521Z.jpg,person,person_session_001,2026-10-03T14:55:21.167579+00:00,1,1920x1080,340,80,1080,840,1080x840,dda9a962d5b430dcb39af9dec0340d3ec618e623e654dc2438e2d125d49a9651,NO
raw\person\person_session_001_0024_20261003T145523Z.jpg,person,person_session_001,2026-10-03T14:55:23.422001+00:00,1,1920x1080,340,80,1080,840,1080x840,658d196b1ddadd64ee01028aa3d04601a4d79c60384776dfcd1e107e6e7288b4,NO
raw\person\person_session_001_0025_20261003T145525Z.jpg,person,person_session_001,2026-10-03T14:55:25.939646+00:00,1,1920x1080,340,80,1080,840,1080x840,beb5f4648c648350d0d019d72d40bd3b2d60b450c55de3fd3f0a79b72d90857e,YES
raw\person\person_session_001_0026_20261003T145529Z.jpg,person,person_session_001,2026-10-03T14:55:29.484350+00:00,1,1920x1080,340,80,1080,840,1080x840,ad289f41a1f0d3580a16c3702ae0437979eef414f5f14da38a509df2dc9ae7bd,NO
raw\person\person_session_001_0027_20261003T145532Z.jpg,person,person_session_001,2026-10-03T14:55:32.562869+00:00,1,1920x1080,340,80,1080,840,1080x840,33b01645f349d581e191bcda2c7f1b632e1d012f1a027b5193c65bc399e29a5d,YES
raw\person\person_session_001_0028_20261003T145537Z.jpg,person,person_session_001,2026-10-03T14:55:37.455002+00:00,1,1920x1080,340,80,1080,840,1080x840,1b9a15bbf1d52eda266beef15ceeb71dac0b639735d5daa20d79b18df8eaaa0b,YES
raw\person\person_session_001_0029_20261003T145546Z.jpg,person,person_session_001,2026-10-03T14:55:46.710928+00:00,1,1920x1080,340,80,1080,840,1080x840,990bb1727317cde20eb766e5d9cf26818aa4968913a19fc16dad9ed34c587ab2,YES
raw\person\person_session_001_0030_20261003T145551Z.jpg,person,person_session_001,2026-10-03T14:55:51.676244+00:00,1,1920x1080,340,80,1080,840,1080x840,0e406909bb1dd452324f38c0a223999f9ba89ee7c97d0b343baf202140969e28,YES
raw\person\person_session_001_0031_20261003T145554Z.jpg,person,person_session_001,2026-10-03T14:55:54.974317+00:00,1,1920x1080,340,80,1080,840,1080x840,46bafbeb0843f073c687ca13e0600d4e242e58593bb1ea5aa2f3d7ea652df6b4,YES
raw\person\person_session_001_0032_20261003T145558Z.jpg,person,person_session_001,2026-10-03T14:55:58.880931+00:00,1,1920x1080,340,80,1080,840,1080x840,b0359911d04f8dbd1e319ab77e9402052f91f74b260a34063e60416675c1298b,YES
raw\person\person_session_001_0033_20261003T145600Z.jpg,person,person_session_001,2026-10-03T14:56:00.762990+00:00,1,1920x1080,340,80,1080,840,1080x840,22060c349c09dfe41de5b1a6d8747ec18efb91b3e692aeaef368f7b457c383a2,NO
raw\person\person_session_001_0034_20261003T145602Z.jpg,person,person_session_001,2026-10-03T14:56:02.727026+00:00,1,1920x1080,340,80,1080,840,1080x840,f440ab621d64d03e91bcf82086aaf9cd0c2819ed9d30b623ea90cde362a0a797,NO
raw\person\person_session_001_0035_20261003T145605Z.jpg,person,person_session_001,2026-10-03T14:56:05.033870+00:00,1,1920x1080,340,80,1080,840,1080x840,e080ea54996dcb8267525783212915b8fb9c150ef20151addaac2578769be896,YES
raw\person\person_session_001_0036_20261003T145611Z.jpg,person,person_session_001,2026-10-03T14:56:11.321795+00:00,1,1920x1080,340,80,1080,840,1080x840,7ccc9169bbd50cd0703304317207b34ba57f3cdee49dc4c7469752eeac979597,NO
raw\person\person_session_001_0037_20261003T145612Z.jpg,person,person_session_001,2026-10-03T14:56:12.152914+00:00,1,1920x1080,340,80,1080,840,1080x840,96bea535ba85f4513bc8ca04e9ddc2936a9545822810a6df791aff1982530e4f,NO
raw\person\person_session_001_0038_20261003T145613Z.jpg,person,person_session_001,2026-10-03T14:56:13.990860+00:00,1,1920x1080,340,80,1080,840,1080x840,7c362e83ebad77f2792f099e479ac12d7b2da1afe45af89d1ec505162f9d2efe,NO
raw\person\person_session_001_0039_20261003T145616Z.jpg,person,person_session_001,2026-10-03T14:56:16.448992+00:00,1,1920x1080,340,80,1080,840,1080x840,ebd41dd152590f5fa1ce9d2e5e37b00fcf35392a8192a083bd35f6054963a052,NO
raw\person\person_session_001_0040_20261003T145619Z.jpg,person,person_session_001,2026-10-03T14:56:19.047271+00:00,1,1920x1080,340,80,1080,840,1080x840,75e083111367b7b7e4e10beab0c9c5b6527da40e2399dec72a6b4aa4390f6395,NO
raw\person\person_session_001_0041_20261003T145624Z.jpg,person,person_session_001,2026-10-03T14:56:24.619392+00:00,1,1920x1080,340,80,1080,840,1080x840,76f3026e8a91619d36359290252b8a397ad0f8846e3864660bfd70cc84a9815a,YES
raw\person\person_session_001_0042_20261003T145626Z.jpg,person,person_session_001,2026-10-03T14:56:26.332185+00:00,1,1920x1080,340,80,1080,840,1080x840,c3d5a14d1f7da4613c33928032c4339358d6f5e6ab26e170575962274506700c,NO
raw\person\person_session_001_0043_20261003T145628Z.jpg,person,person_session_001,2026-10-03T14:56:28.286392+00:00,1,1920x1080,340,80,1080,840,1080x840,ce3f89bbcd60fd86e4a9f7b28652ed0d1adb4b58cf29feb75a418636e8c92bcc,NO
raw\person\person_session_001_0044_20261003T145631Z.jpg,person,person_session_001,2026-10-03T14:56:31.838066+00:00,1,1920x1080,340,80,1080,840,1080x840,6f577160b989be28ea551d8165497fc4b7142de6ac7378537983840c08670b8c,NO
raw\person\person_session_001_0045_20261003T145636Z.jpg,person,person_session_001,2026-10-03T14:56:36.452343+00:00,1,1920x1080,340,80,1080,840,1080x840,277662e18efd2590deb453e0f2a93a9adc8ea1ee7bfb6c15cb43901b3bb3c2cc,NO
raw\person\person_session_001_0046_20261003T145638Z.jpg,person,person_session_001,2026-10-03T14:56:38.800632+00:00,1,1920x1080,340,80,1080,840,1080x840,f148d40ec4109e8eb0eb39e1b0a48781fc4ff47e492c720bf7a1982fa37c5c50,NO
raw\person\person_session_001_0047_20261003T145640Z.jpg,person,person_session_001,2026-10-03T14:56:40.904095+00:00,1,1920x1080,340,80,1080,840,1080x840,14d57a8f94c66797b0c0d856fda72e4ba54d566f52136d3290f3cf020a4ba32a,YES
raw\person\person_session_001_0048_20261003T145642Z.jpg,person,person_session_001,2026-10-03T14:56:42.953295+00:00,1,1920x1080,340,80,1080,840,1080x840,bbe9bbe02c4da1a8c2220ca5830f561349bfbc88787e3453de75c4c68cd90103,YES
raw\person\person_session_001_0050_20261003T145702Z.jpg,person,person_session_001,2026-10-03T14:57:02.628119+00:00,1,1920x1080,340,80,1080,840,1080x840,105217b30539a924db5719179bb1f431093ccf781894758a64e01a7650b14307,NO
raw\person\person_session_001_0051_20261003T145705Z.jpg,person,person_session_001,2026-10-03T14:57:05.535085+00:00,1,1920x1080,340,80,1080,840,1080x840,dbd603a662a00166221a76847e260d5162e10179baef3d3e28c179b134fe01aa,NO
raw\person\person_session_001_0052_20261003T145707Z.jpg,person,person_session_001,2026-10-03T14:57:07.957146+00:00,1,1920x1080,340,80,1080,840,1080x840,ba3f3e4157152efea033e751c50b5507481e75c839c18d65c00a29ccf81c5c39,YES
raw\person\person_session_001_0053_20261003T145714Z.jpg,person,person_session_001,2026-10-03T14:57:14.728419+00:00,1,1920x1080,340,80,1080,840,1080x840,38a980cd7b92060fc843a600678af4134c05833c0334b2d30c05ea749b8520bf,YES
raw\person\person_session_001_0054_20261003T145717Z.jpg,person,person_session_001,2026-10-03T14:57:17.363607+00:00,1,1920x1080,340,80,1080,840,1080x840,1dcca77b62c0f386b6b3b04410092e103eeb1342fd7a89054deb5fbff7855f9d,YES
raw\person\person_session_001_0055_20261003T145719Z.jpg,person,person_session_001,2026-10-03T14:57:19.725985+00:00,1,1920x1080,340,80,1080,840,1080x840,fc2d9fa8d221c9aeae00036d48109a0844eff265891c5a76e58da850fd71ec38,NO
raw\person\person_session_001_0056_20261003T145722Z.jpg,person,person_session_001,2026-10-03T14:57:22.102430+00:00,1,1920x1080,340,80,1080,840,1080x840,3cd738dc376c5db46f4f3a494ec4319fb1fb423f4f655fa395099fae1f6f3b2e,YES
raw\person\person_session_001_0057_20261003T145724Z.jpg,person,person_session_001,2026-10-03T14:57:24.473173+00:00,1,1920x1080,340,80,1080,840,1080x840,72e3cd1252099ca496c19901e5fea20270407b2055b2b23d9babcfaa147747e8,NO
raw\person\person_session_001_0058_20261003T145727Z.jpg,person,person_session_001,2026-10-03T14:57:27.356513+00:00,1,1920x1080,340,80,1080,840,1080x840,19d9bac8d4128bf5e2fd59b2ea7ef90ee5b9782f40bf1e06968fed378fabfa15,NO
raw\person\person_session_001_0059_20261003T145729Z.jpg,person,person_session_001,2026-10-03T14:57:29.390521+00:00,1,1920x1080,340,80,1080,840,1080x840,3b918c1bbf6a3526ab75055f0ed1b088eebf41e409c2d2eb853815c0496616cf,YES
raw\person\person_session_001_0060_20261003T145731Z.jpg,person,person_session_001,2026-10-03T14:57:31.636217+00:00,1,1920x1080,340,80,1080,840,1080x840,b4e5ed35d69550f0593137fc6ba5e1e8edc7b35dc51615541782c3d7fc56fdd8,YES
raw\person\person_session_001_0061_20261003T145734Z.jpg,person,person_session_001,2026-10-03T14:57:34.350224+00:00,1,1920x1080,340,80,1080,840,1080x840,25e47ee3416e85cc37a5d9e3f256f10764270767ff66845f3737a2b61e4b1f54,YES
raw\person\person_session_001_0062_20261003T145738Z.jpg,person,person_session_001,2026-10-03T14:57:38.262313+00:00,1,1920x1080,340,80,1080,840,1080x840,698410f5ac8ead4e29727a0773acba04fe8db35018d9156a3fe27deeb662c640,NO
raw\person\person_session_001_0063_20261003T150012Z.jpg,person,person_session_001,2026-10-03T15:00:12.958548+00:00,1,1920x1080,340,80,1080,840,1080x840,9f7fd4667da4a3defdaa1773c9e47360677e8f2bf2bc7ff5add5d3149f2186c1,NO
raw\fire\fire_session_001_0001_20261003T150015Z.jpg,fire,fire_session_001,2026-10-03T15:00:15.674917+00:00,1,1920x1080,340,80,1080,840,1080x840,40db0f6ab680b2b6db59a94fe5f8e9a05f6a287f3869ca0619e3c38adc98029e,NO
raw\fire\fire_session_001_0002_20261003T150017Z.jpg,fire,fire_session_001,2026-10-03T15:00:17.172893+00:00,1,1920x1080,340,80,1080,840,1080x840,ce6e793486441cdfd2a73726ad2ea8e1a5e254a6c823abe4b5d933b2246e5d0d,YES
raw\fire\fire_session_001_0003_20261003T150017Z.jpg,fire,fire_session_001,2026-10-03T15:00:17.643719+00:00,1,1920x1080,340,80,1080,840,1080x840,4721080d4e0f769ddeba36534a3f5a234fdd1d559f021a374460e0d4cf35537a,YES
raw\fire\fire_session_001_0004_20261003T150023Z.jpg,fire,fire_session_001,2026-10-03T15:00:23.367690+00:00,1,1920x1080,340,80,1080,840,1080x840,d84fd81dc82840cb28ca68f3b16f3842c35c844b309b266ab1d50a8fc5adf6ef,NO
raw\fire\fire_session_001_0005_20261003T150026Z.jpg,fire,fire_session_001,2026-10-03T15:00:26.728955+00:00,1,1920x1080,340,80,1080,840,1080x840,f526225be7a98d38becce7310fc6832cb647b32d81a08a623423f1fe62f960d7,NO
raw\fire\fire_session_001_0006_20261003T150029Z.jpg,fire,fire_session_001,2026-10-03T15:00:29.605991+00:00,1,1920x1080,340,80,1080,840,1080x840,ab33fd13dd4aa312851e3e7f172eba00da4fac7dc9985695d56d1267af4a2d0d,YES
raw\fire\fire_session_001_0007_20261003T150033Z.jpg,fire,fire_session_001,2026-10-03T15:00:33.113771+00:00,1,1920x1080,340,80,1080,840,1080x840,722c3dd5e2363787670f66613458db669c24bdbb4e96b68ae4b7c32a3ca91ecd,NO
raw\fire\fire_session_001_0008_20261003T150036Z.jpg,fire,fire_session_001,2026-10-03T15:00:36.121455+00:00,1,1920x1080,340,80,1080,840,1080x840,e01a71eca70e686163c6f57eb0f9793389b6ae187eb4b3a91e8f86a5feeaf56f,NO
raw\fire\fire_session_001_0009_20261003T150039Z.jpg,fire,fire_session_001,2026-10-03T15:00:39.075742+00:00,1,1920x1080,340,80,1080,840,1080x840,3bdbe1fd7093d066f04695525041056aa06c34a38fb0b62d79865a79cf94ec13,YES
raw\fire\fire_session_001_0010_20261003T150042Z.jpg,fire,fire_session_001,2026-10-03T15:00:42.716668+00:00,1,1920x1080,340,80,1080,840,1080x840,52e71a54367223d421e0a28d2a6adc74e9a14ed38f294578756744d35b9604dc,NO
raw\fire\fire_session_001_0011_20261003T150043Z.jpg,fire,fire_session_001,2026-10-03T15:00:43.326785+00:00,1,1920x1080,340,80,1080,840,1080x840,9c2094c6f02c9779fc48f92fc79dec28101031a0d04dc6ac85b10a6ba862e5fa,NO
raw\fire\fire_session_001_0012_20261003T150043Z.jpg,fire,fire_session_001,2026-10-03T15:00:43.773459+00:00,1,1920x1080,340,80,1080,840,1080x840,98a7b6f5a0233082a66eab21ae84ca81746a36c3c0c6a432bf5e4038c411f529,NO
raw\fire\fire_session_001_0013_20261003T150044Z.jpg,fire,fire_session_001,2026-10-03T15:00:44.152455+00:00,1,1920x1080,340,80,1080,840,1080x840,377f9a4429b0ed28c2c311efc7f6c345e8939d3bea56eace6cbb502407f69232,YES
raw\fire\fire_session_001_0014_20261003T150044Z.jpg,fire,fire_session_001,2026-10-03T15:00:44.577336+00:00,1,1920x1080,340,80,1080,840,1080x840,15bdb88f7714eced74f2d3ea90c3a1479467d8430d87f21832e40f3ad2e58d86,NO
raw\fire\fire_session_001_0015_20261003T150045Z.jpg,fire,fire_session_001,2026-10-03T15:00:45.049565+00:00,1,1920x1080,340,80,1080,840,1080x840,94892fb3d7c9aaf696df5eceac6c47b3b300c159a2aec7952f56f926394eb213,YES
raw\fire\fire_session_001_0016_20261003T150045Z.jpg,fire,fire_session_001,2026-10-03T15:00:45.422360+00:00,1,1920x1080,340,80,1080,840,1080x840,b8deed60d3dd9bc28855bb62bf15cd91b552de068c744c05b5a7579fc779c9c9,NO
raw\fire\fire_session_001_0017_20261003T150046Z.jpg,fire,fire_session_001,2026-10-03T15:00:46.262609+00:00,1,1920x1080,340,80,1080,840,1080x840,9552b4add315aed8b11aad48805caa1a96bf486cb34018f22e3730d2e88c74bf,NO
raw\fire\fire_session_001_0018_20261003T150046Z.jpg,fire,fire_session_001,2026-10-03T15:00:46.680766+00:00,1,1920x1080,340,80,1080,840,1080x840,39d966beb7193de73f6c1f010fcca7a15bab43cd31fddfaba9f3d64d4763d4c3,YES
raw\fire\fire_session_001_0019_20261003T150047Z.jpg,fire,fire_session_001,2026-10-03T15:00:47.089153+00:00,1,1920x1080,340,80,1080,840,1080x840,97bffe1692c32e4570cbfcf83ef9b132f61e9548ae4b16c3cea18239aae8ce2d,YES
raw\fire\fire_session_001_0020_20261003T150047Z.jpg,fire,fire_session_001,2026-10-03T15:00:47.624489+00:00,1,1920x1080,340,80,1080,840,1080x840,16a3290464db516f2d8f72bdf80ff264f7faa3c6045682e53fe368361a618e83,YES
raw\fire\fire_session_001_0021_20261003T150056Z.jpg,fire,fire_session_001,2026-10-03T15:00:56.124176+00:00,1,1920x1080,340,80,1080,840,1080x840,2f6b6d234641cb174ef3f3d8ae1ab6afdc5f5c772211e39d0b8313ff6c8d9c89,NO
raw\fire\fire_session_001_0022_20261003T150056Z.jpg,fire,fire_session_001,2026-10-03T15:00:56.398483+00:00,1,1920x1080,340,80,1080,840,1080x840,ff45d14ede008f0fe02d7831ad0a07299e521d0c4c6494128e7793c7a2c6ec88,YES
raw\fire\fire_session_001_0023_20261003T150056Z.jpg,fire,fire_session_001,2026-10-03T15:00:56.605292+00:00,1,1920x1080,340,80,1080,840,1080x840,3c250c36ca7d5871ee42c2c42a91d85a59076e069a238b3a7c9fd427c7652f54,YES
raw\fire\fire_session_001_0024_20261003T150056Z.jpg,fire,fire_session_001,2026-10-03T15:00:56.810562+00:00,1,1920x1080,340,80,1080,840,1080x840,cd4d81cb0df92a59327facd9cf92db6e88437580ec35dbb8c392c0a6d17ac8dd,YES
raw\fire\fire_session_001_0025_20261003T150057Z.jpg,fire,fire_session_001,2026-10-03T15:00:57.041423+00:00,1,1920x1080,340,80,1080,840,1080x840,bf766c52f9d3a812c043f45e2d28852208a26681055dd36b233b652c8d1571e9,YES
raw\fire\fire_session_001_0026_20261003T150059Z.jpg,fire,fire_session_001,2026-10-03T15:00:59.206810+00:00,1,1920x1080,340,80,1080,840,1080x840,7ab90a8816660cff280b28937e48d9ab1c4110cecb65689e1c4f5dbdd63b5b41,NO
raw\fire\fire_session_001_0027_20261003T150105Z.jpg,fire,fire_session_001,2026-10-03T15:01:05.611651+00:00,1,1920x1080,340,80,1080,840,1080x840,180c7299aaa64e4c43e255e111c4eacb8b29a1632c26f88c6b7dcdfa44635c78,NO
raw\fire\fire_session_001_0028_20261003T150108Z.jpg,fire,fire_session_001,2026-10-03T15:01:08.115646+00:00,1,1920x1080,340,80,1080,840,1080x840,459a04751e68614f4968339d87ed381118aabced3089bb0044f3cba9f71a24b3,NO
raw\fire\fire_session_001_0029_20261003T150108Z.jpg,fire,fire_session_001,2026-10-03T15:01:08.669433+00:00,1,1920x1080,340,80,1080,840,1080x840,d2fc253e6699c0edb4e0e0b7fdbfadfd104e009f2c4d4d0bed55b455721589eb,NO
raw\fire\fire_session_001_0030_20261003T150111Z.jpg,fire,fire_session_001,2026-10-03T15:01:11.040830+00:00,1,1920x1080,340,80,1080,840,1080x840,1aecb997a9052ca2166a3f6ae4b1a199e342d5e0ce0618bee8a3cce474d7b26d,NO
raw\fire\fire_session_001_0031_20261003T150111Z.jpg,fire,fire_session_001,2026-10-03T15:01:11.427909+00:00,1,1920x1080,340,80,1080,840,1080x840,dbc9781ac1ba1014a4c1d9cb468fae85f527fc3f989ae2d3e960963228e71091,NO
raw\fire\fire_session_001_0032_20261003T150111Z.jpg,fire,fire_session_001,2026-10-03T15:01:11.685148+00:00,1,1920x1080,340,80,1080,840,1080x840,2aebb96a3e893a91178dde0eb0842968c2c763ed7ef24e36d8b552bc31f52db1,NO
raw\fire\fire_session_001_0033_20261003T150114Z.jpg,fire,fire_session_001,2026-10-03T15:01:14.107122+00:00,1,1920x1080,340,80,1080,840,1080x840,edaadfd113cca4043dd1de5f60b53cfd8156f487812e1bfaf00a51e2ed06ab19,NO
raw\fire\fire_session_001_0034_20261003T150114Z.jpg,fire,fire_session_001,2026-10-03T15:01:14.505943+00:00,1,1920x1080,340,80,1080,840,1080x840,131290093c4adf96bd75ea75e56fd6cead4cce95c0ae1394c9910430afc19736,NO
raw\fire\fire_session_001_0035_20261003T150201Z.jpg,fire,fire_session_001,2026-10-03T15:02:01.414242+00:00,1,1920x1080,340,80,1080,840,1080x840,48eddbfc6bf622ca062b6b6a90ca6244068c322df3aa0d2ce386ffb177681ae0,NO
raw\fire\fire_session_001_0036_20261003T150211Z.jpg,fire,fire_session_001,2026-10-03T15:02:11.498727+00:00,1,1920x1080,340,80,1080,840,1080x840,9da96e27585a86a94f38e99472b2a837fa7c74aef8fad7737558f32264e3bf49,NO
raw\fire\fire_session_001_0037_20261003T150211Z.jpg,fire,fire_session_001,2026-10-03T15:02:11.752655+00:00,1,1920x1080,340,80,1080,840,1080x840,e7c99884be985502a257c27a10b018ed027c66495a5bca2db89d99c6d74a567d,YES
raw\fire\fire_session_001_0038_20261003T150212Z.jpg,fire,fire_session_001,2026-10-03T15:02:12.143446+00:00,1,1920x1080,340,80,1080,840,1080x840,0d083eee21a5219115a5c6e264abcec9e025c38398eaaece9a2fa065fa2917c0,NO
raw\fire\fire_session_001_0039_20261003T150216Z.jpg,fire,fire_session_001,2026-10-03T15:02:16.855158+00:00,1,1920x1080,340,80,1080,840,1080x840,483997f0ec6447cfe234f909992e9ea60f149cf6f1befe3487da61724f5ece23,NO
raw\fire\fire_session_001_0040_20261003T150217Z.jpg,fire,fire_session_001,2026-10-03T15:02:17.214278+00:00,1,1920x1080,340,80,1080,840,1080x840,348faac33d5d18f7ea14438b294e696d8c8ad063147997bd194c7adf53c97b74,NO
raw\fire\fire_session_001_0041_20261003T150217Z.jpg,fire,fire_session_001,2026-10-03T15:02:17.528740+00:00,1,1920x1080,340,80,1080,840,1080x840,5ed0448d4f122a10eaa1146e22b7c67dfd418960d11aeb348a01790f47b98b49,YES
raw\fire\fire_session_001_0042_20261003T150223Z.jpg,fire,fire_session_001,2026-10-03T15:02:23.438337+00:00,1,1920x1080,340,80,1080,840,1080x840,183050041f76624315c55f95437f03bb8038e398b67c9b6a2da9bf31b6cbdbc1,NO
raw\fire\fire_session_001_0043_20261003T150321Z.jpg,fire,fire_session_001,2026-10-03T15:03:21.118241+00:00,1,1920x1080,340,80,1080,840,1080x840,19e94492984422ebd308f893b4f332bd19a4fce4c126a2b8b2c7a1b522cda651,NO
raw\fire\fire_session_001_0044_20261003T150321Z.jpg,fire,fire_session_001,2026-10-03T15:03:21.781433+00:00,1,1920x1080,340,80,1080,840,1080x840,dcc1206411b3adaa842a4b8b9b096c07851aae18b4fb75501451e01c22c27b89,YES
raw\fire\fire_session_001_0045_20261003T150322Z.jpg,fire,fire_session_001,2026-10-03T15:03:22.174571+00:00,1,1920x1080,340,80,1080,840,1080x840,6fd31a1f70c6f98b2a3479816d4c04b53ba5b4f579732603c10efe6ca97a6d67,YES
raw\fire\fire_session_001_0046_20261003T150322Z.jpg,fire,fire_session_001,2026-10-03T15:03:22.787649+00:00,1,1920x1080,340,80,1080,840,1080x840,b44b8c6beee620f166293b722dbb7b4bb3cb501e33117ef9fd3162c5379a7350,NO
raw\fire\fire_session_001_0047_20261003T150326Z.jpg,fire,fire_session_001,2026-10-03T15:03:26.065714+00:00,1,1920x1080,340,80,1080,840,1080x840,e6f5b0ae08a977e4e56bce11f250c309871be42f3725b376b09c9e06ed4dabb4,NO
raw\fire\fire_session_001_0048_20261003T150328Z.jpg,fire,fire_session_001,2026-10-03T15:03:28.613392+00:00,1,1920x1080,340,80,1080,840,1080x840,b5d24b1b07b866362f23cbf2bf4401a81bd0c69e627a560128c75a437cf5f1f3,NO
raw\fire\fire_session_001_0049_20261003T150331Z.jpg,fire,fire_session_001,2026-10-03T15:03:31.763574+00:00,1,1920x1080,340,80,1080,840,1080x840,c671ad43baf8cb0c14110d9d54651b3391eda3700fcb33dfa95b8ce42fba6e17,NO
raw\fire\fire_session_001_0050_20261003T150335Z.jpg,fire,fire_session_001,2026-10-03T15:03:35.480281+00:00,1,1920x1080,340,80,1080,840,1080x840,7f818169bb546cc093bfbc5a062bd9ced25a9f90c734f57308d6020ffdb20d9a,NO
raw\smoke\smoke_session_001_0001_20261003T150632Z.jpg,smoke,smoke_session_001,2026-10-03T15:06:32.042145+00:00,1,1920x1080,340,80,1080,840,1080x840,a1983146ce6f8c8212a925e83b5604b1b4880182e645d7180ed38d2b34379f4c,NO
raw\smoke\smoke_session_001_0002_20261003T150637Z.jpg,smoke,smoke_session_001,2026-10-03T15:06:37.878885+00:00,1,1920x1080,340,80,1080,840,1080x840,0954b612979d30b72b3355b8b5a3103b4e9d274f284a6fc0288d4f2a19c45e7a,NO
raw\smoke\smoke_session_001_0003_20261003T150640Z.jpg,smoke,smoke_session_001,2026-10-03T15:06:40.686859+00:00,1,1920x1080,340,80,1080,840,1080x840,c7acaf8424353c1b4c63e704234b6997d79d1d0931ee2ccdcf03ad9907adfd67,YES
raw\smoke\smoke_session_001_0004_20261003T150645Z.jpg,smoke,smoke_session_001,2026-10-03T15:06:45.175287+00:00,1,1920x1080,340,80,1080,840,1080x840,bc3108f1c58aa64375a56b26234534a04896eb12e36dafb6138f8fd0e07146ae,YES
raw\smoke\smoke_session_001_0005_20261003T150647Z.jpg,smoke,smoke_session_001,2026-10-03T15:06:47.620897+00:00,1,1920x1080,340,80,1080,840,1080x840,63a7c15921d54bb82ab902a8d3e1336491939b70a43e18e3217a9d0bee0686a4,YES
raw\smoke\smoke_session_001_0006_20261003T150650Z.jpg,smoke,smoke_session_001,2026-10-03T15:06:50.841570+00:00,1,1920x1080,340,80,1080,840,1080x840,ea1d49832dd518c3ea9fcf949f2ec346d32fa963c73dc1ec7e5e2791e6861775,YES
raw\smoke\smoke_session_001_0007_20261003T150653Z.jpg,smoke,smoke_session_001,2026-10-03T15:06:53.253103+00:00,1,1920x1080,340,80,1080,840,1080x840,ed7f1b775375d99b25b2b19ff141213970fdf9a336fd57fb20cfc462b2b23747,YES
raw\smoke\smoke_session_001_0008_20261003T150655Z.jpg,smoke,smoke_session_001,2026-10-03T15:06:55.275919+00:00,1,1920x1080,340,80,1080,840,1080x840,0e326e1653644b7a344caf97e182757c1860197c4fbb6fed7ee9b8b76ac21f8c,YES
raw\smoke\smoke_session_001_0009_20261003T150657Z.jpg,smoke,smoke_session_001,2026-10-03T15:06:57.298068+00:00,1,1920x1080,340,80,1080,840,1080x840,cc059eb29b8acb5f6ecaf4fb4ede4cdd184156a9a8d5fe5e077a332fe0c5da79,YES
raw\smoke\smoke_session_001_0010_20261003T150659Z.jpg,smoke,smoke_session_001,2026-10-03T15:06:59.599937+00:00,1,1920x1080,340,80,1080,840,1080x840,69d8d782df2aaa8fb0440c98ce8cbe6a2d9e8542f5fb57b49a36d8a4e2b4152e,YES
raw\smoke\smoke_session_001_0011_20261003T150702Z.jpg,smoke,smoke_session_001,2026-10-03T15:07:02.483405+00:00,1,1920x1080,340,80,1080,840,1080x840,3628d79639d3487ce2fd2fa95772eee1ba2fbb2c307c44f1116847bbbc394195,YES
raw\smoke\smoke_session_001_0012_20261003T150704Z.jpg,smoke,smoke_session_001,2026-10-03T15:07:04.392613+00:00,1,1920x1080,340,80,1080,840,1080x840,ec7b34ac488d58537e734ca548bb42b6413d47bd49d25955e93e8db1e43516c5,YES
raw\smoke\smoke_session_001_0013_20261003T150706Z.jpg,smoke,smoke_session_001,2026-10-03T15:07:06.861231+00:00,1,1920x1080,340,80,1080,840,1080x840,1cecf63feb661ebbf7afd1abfdf31c2c40174139c45ebc646333f5403b9c6437,YES
raw\smoke\smoke_session_001_0014_20261003T150708Z.jpg,smoke,smoke_session_001,2026-10-03T15:07:08.951238+00:00,1,1920x1080,340,80,1080,840,1080x840,9b8b0074bf14f78ef702cb6fcb0fab2217d3151515932998c77bf97653c6e809,NO
raw\smoke\smoke_session_001_0015_20261003T150712Z.jpg,smoke,smoke_session_001,2026-10-03T15:07:12.247736+00:00,1,1920x1080,340,80,1080,840,1080x840,775e547b9fbd27de1b6d55dc0afa7eaf845a87ca059f10e5333a033303827dc1,NO
raw\smoke\smoke_session_001_0016_20261003T150714Z.jpg,smoke,smoke_session_001,2026-10-03T15:07:14.663858+00:00,1,1920x1080,340,80,1080,840,1080x840,f18fcc3d9e61e8a7f59b3989bec35a7e6bc27975ffd2c74af3f0625daffe4c94,YES
raw\smoke\smoke_session_001_0017_20261003T150716Z.jpg,smoke,smoke_session_001,2026-10-03T15:07:16.555002+00:00,1,1920x1080,340,80,1080,840,1080x840,c3b144297e8cc317936163026fa8ec0b915dd517d0a544669f2adb4434caad22,YES
raw\smoke\smoke_session_001_0018_20261003T150719Z.jpg,smoke,smoke_session_001,2026-10-03T15:07:19.684929+00:00,1,1920x1080,340,80,1080,840,1080x840,8e8c6cf94960bbeb061f77cf1b19fbfef87c9acca7a58564447b8730c824581c,NO
raw\smoke\smoke_session_001_0019_20261003T150722Z.jpg,smoke,smoke_session_001,2026-10-03T15:07:22.472504+00:00,1,1920x1080,340,80,1080,840,1080x840,16621c783c064861737ebe16be71f9dac5244816dca4c973e8f1b451c9c58577,NO
raw\smoke\smoke_session_001_0020_20261003T150725Z.jpg,smoke,smoke_session_001,2026-10-03T15:07:25.128192+00:00,1,1920x1080,340,80,1080,840,1080x840,79760db9512aecf9675324b796da515766d60126d9c5ad94f8a1fd7242954585,YES
raw\smoke\smoke_session_001_0021_20261003T150727Z.jpg,smoke,smoke_session_001,2026-10-03T15:07:27.480979+00:00,1,1920x1080,340,80,1080,840,1080x840,2583de5079e1da35068e0bf35359f3594cbd141f2bfd69ac2cb074485a527b71,YES
raw\smoke\smoke_session_001_0022_20261003T150729Z.jpg,smoke,smoke_session_001,2026-10-03T15:07:29.156149+00:00,1,1920x1080,340,80,1080,840,1080x840,690f27a5c4d2165afdba5904ff430e2b82f56c9e02d5b92855ac54d0e782ab04,YES
raw\smoke\smoke_session_001_0023_20261003T150731Z.jpg,smoke,smoke_session_001,2026-10-03T15:07:31.108201+00:00,1,1920x1080,340,80,1080,840,1080x840,27574a164be8f1d5d3362879cf614dce1bf6fcd3e616fa94ea5f44f686f2207e,YES
raw\smoke\smoke_session_001_0024_20261003T150733Z.jpg,smoke,smoke_session_001,2026-10-03T15:07:33.078619+00:00,1,1920x1080,340,80,1080,840,1080x840,18d94ac96ce91eb6396c2666a5f4f49391e586e44dee96782a89493cec5ca277,YES
raw\smoke\smoke_session_001_0025_20261003T150735Z.jpg,smoke,smoke_session_001,2026-10-03T15:07:35.807268+00:00,1,1920x1080,340,80,1080,840,1080x840,1b06bf4711ed8287f9263d371b4461ef916802aace6955641651e434770fd239,NO
raw\smoke\smoke_session_001_0026_20261003T150738Z.jpg,smoke,smoke_session_001,2026-10-03T15:07:38.273763+00:00,1,1920x1080,340,80,1080,840,1080x840,9dbf19f1354363a28d81a9052d326c22a94ecdad794ec0b3419dbb6e284ca39d,NO
raw\smoke\smoke_session_001_0027_20261003T150740Z.jpg,smoke,smoke_session_001,2026-10-03T15:07:40.633004+00:00,1,1920x1080,340,80,1080,840,1080x840,1e44fefaa61e36f67b63794e4017d50416e1df9e223b1014855583b71713974e,YES
raw\smoke\smoke_session_001_0028_20261003T150742Z.jpg,smoke,smoke_session_001,2026-10-03T15:07:42.714059+00:00,1,1920x1080,340,80,1080,840,1080x840,d60805feac0a3f1f0c337253e991050d9e4a3db07397db2775f79781789b22c6,YES
raw\smoke\smoke_session_001_0029_20261003T150744Z.jpg,smoke,smoke_session_001,2026-10-03T15:07:44.456582+00:00,1,1920x1080,340,80,1080,840,1080x840,85e63296bcc5fb1471a3aa5463175f913aa18ea0a7f091a941c86218a82ebe9d,NO
raw\smoke\smoke_session_001_0030_20261003T150903Z.jpg,smoke,smoke_session_001,2026-10-03T15:09:03.454126+00:00,1,1920x1080,340,80,1080,840,1080x840,3f4b20888ec3590c8080d5429108fda17373b05f1651ec85f9c53b5ff6dfbd23,NO
raw\smoke\smoke_session_001_0031_20261003T150905Z.jpg,smoke,smoke_session_001,2026-10-03T15:09:05.263604+00:00,1,1920x1080,340,80,1080,840,1080x840,d689e99e54e305956ace92ba21a2fed4bf273ecafe03b2596e89c497e6c24ef0,NO
raw\smoke\smoke_session_001_0032_20261003T150907Z.jpg,smoke,smoke_session_001,2026-10-03T15:09:07.346624+00:00,1,1920x1080,340,80,1080,840,1080x840,9970c6bde4f2ab7d6d4488b20e2d8d5b259f32318d168758c070599594f20079,NO
raw\smoke\smoke_session_001_0033_20261003T150910Z.jpg,smoke,smoke_session_001,2026-10-03T15:09:10.429277+00:00,1,1920x1080,340,80,1080,840,1080x840,e53e0399c1feb0cdc35dbd77ddf700828e4c0b57082761bc57ca7d02f3dbb87c,NO
raw\smoke\smoke_session_001_0034_20261003T150913Z.jpg,smoke,smoke_session_001,2026-10-03T15:09:13.603328+00:00,1,1920x1080,340,80,1080,840,1080x840,de46b47b6d3cb194753644f5f64b4601ada3a403f2481068129da61840438eee,YES
raw\smoke\smoke_session_001_0035_20261003T150915Z.jpg,smoke,smoke_session_001,2026-10-03T15:09:15.639096+00:00,1,1920x1080,340,80,1080,840,1080x840,cedcf63e4548ec48b9bf9a696518e7402925ea17eddc35b1982dcefce5696cc3,NO
raw\smoke\smoke_session_001_0036_20261003T150918Z.jpg,smoke,smoke_session_001,2026-10-03T15:09:18.405923+00:00,1,1920x1080,340,80,1080,840,1080x840,fb925f686cf0283e2081b3dc1bda7a893878f29b98dd69345068bf84cbf03002,NO
raw\smoke\smoke_session_001_0037_20261003T150921Z.jpg,smoke,smoke_session_001,2026-10-03T15:09:21.066435+00:00,1,1920x1080,340,80,1080,840,1080x840,72973b32095e81b2d99c203c8d24ed91840a6aed0770148fbcd61f6b1c82f716,NO
raw\smoke\smoke_session_001_0038_20261003T150921Z.jpg,smoke,smoke_session_001,2026-10-03T15:09:21.639726+00:00,1,1920x1080,340,80,1080,840,1080x840,2d477462beaa9803f0fadb175d0a0ef074f38400abdef27bb3a7d195ff23979e,YES
raw\smoke\smoke_session_001_0039_20261003T150924Z.jpg,smoke,smoke_session_001,2026-10-03T15:09:24.910861+00:00,1,1920x1080,340,80,1080,840,1080x840,9dcb117fe27602450cfe0d4fa98e6881c63c84fa8d339b7530e11c1e7d49f2c4,NO
raw\smoke\smoke_session_001_0040_20261003T150926Z.jpg,smoke,smoke_session_001,2026-10-03T15:09:26.590005+00:00,1,1920x1080,340,80,1080,840,1080x840,06e43393a4402e80f179410e8f3095f6cebdf781b00e79f02c4ca326a4712074,NO
raw\smoke\smoke_session_001_0041_20261003T150928Z.jpg,smoke,smoke_session_001,2026-10-03T15:09:28.133790+00:00,1,1920x1080,340,80,1080,840,1080x840,ee3d050429df1d4589e1f3d625cb9aa2b872a6a1b7f5b325d59dd5ab0cfcee0f,NO
raw\smoke\smoke_session_001_0042_20261003T150930Z.jpg,smoke,smoke_session_001,2026-10-03T15:09:30.599148+00:00,1,1920x1080,340,80,1080,840,1080x840,8891d50bb2bc250d2b165f0e3b4cfc4fef6dd3268e5023072369adc516fcc643,NO
raw\smoke\smoke_session_001_0043_20261003T150931Z.jpg,smoke,smoke_session_001,2026-10-03T15:09:31.618440+00:00,1,1920x1080,340,80,1080,840,1080x840,b257e2fe174bdc87d20c644ce2581d74c84ce276965d037f65f2c19184965aa2,NO
raw\smoke\smoke_session_001_0044_20261003T150932Z.jpg,smoke,smoke_session_001,2026-10-03T15:09:32.524128+00:00,1,1920x1080,340,80,1080,840,1080x840,059a85c610014fbc20f59139b1ed8fa6ba011bf7327cc0f3b99f91c1eac2c5e0,NO
raw\smoke\smoke_session_001_0045_20261003T150934Z.jpg,smoke,smoke_session_001,2026-10-03T15:09:34.640537+00:00,1,1920x1080,340,80,1080,840,1080x840,0a10ca23b9118730bd57aeb7a6af398fb2b81c6a9c543252e6ffa92f2d275b6b,NO
raw\smoke\smoke_session_001_0046_20261003T150936Z.jpg,smoke,smoke_session_001,2026-10-03T15:09:36.985670+00:00,1,1920x1080,340,80,1080,840,1080x840,19136c5cb130d76739ae16c0628f71319722ee19fc6032ef9be9e6ee47077846,NO
raw\smoke\smoke_session_001_0047_20261003T150940Z.jpg,smoke,smoke_session_001,2026-10-03T15:09:40.415340+00:00,1,1920x1080,340,80,1080,840,1080x840,a8c3017b2ecc3aca52565127bf466cb828bd03c0f4abf972d11bbc6378a57e99,NO
raw\smoke\smoke_session_001_0048_20261003T150942Z.jpg,smoke,smoke_session_001,2026-10-03T15:09:42.670207+00:00,1,1920x1080,340,80,1080,840,1080x840,2d784bfead477b5fb812155d894e4935ea61508bb6b49e099acb4b68d492e34f,NO
raw\smoke\smoke_session_001_0049_20261003T150944Z.jpg,smoke,smoke_session_001,2026-10-03T15:09:44.735038+00:00,1,1920x1080,340,80,1080,840,1080x840,7a80b9c3b6ee529283e65321729ed38934119ba390abcb1fb5c1e282d90c0a25,NO
raw\smoke\smoke_session_001_0050_20261003T150957Z.jpg,smoke,smoke_session_001,2026-10-03T15:09:57.749277+00:00,1,1920x1080,340,80,1080,840,1080x840,718b1b80d2bf676047cd6a1f67956f47834a43a19a2868078e7c67eb11f2b43f,NO
raw\fire\fire_session_002_0001_20261003T152744Z.jpg,fire,fire_session_002,2026-10-03T15:27:44.885167+00:00,1,1920x1080,340,80,1080,840,1080x840,54b392f1b03b21ad58847628b5cd4676601807ec809825008ebad522ed762077,NO
raw\fire\fire_session_002_0002_20261003T152812Z.jpg,fire,fire_session_002,2026-10-03T15:28:12.129262+00:00,1,1920x1080,340,80,1080,840,1080x840,948b567c9e3ad74649917ac15ae0c7234519ee95a3ce8e30c1e67887a5e17bd5,NO
raw\fire\fire_session_002_0003_20261003T152832Z.jpg,fire,fire_session_002,2026-10-03T15:28:32.756270+00:00,1,1920x1080,340,80,1080,840,1080x840,9eb671a165f18f0713827116a5784cdb90cb5aa66fe06f2da04592a96f5da254,NO
raw\fire\fire_session_002_0004_20261003T152902Z.jpg,fire,fire_session_002,2026-10-03T15:29:02.226291+00:00,1,1920x1080,340,80,1080,840,1080x840,dcf2b4730ef683414f44b0497f03e7ebed184fd0787c8b4bb79260ab37a24192,NO
raw\fire\fire_session_002_0005_20261003T152925Z.jpg,fire,fire_session_002,2026-10-03T15:29:25.788394+00:00,1,1920x1080,340,80,1080,840,1080x840,161b34855f3e3a59de74cd9dc0999744230c72a0ca33789feebe1a3bd6cb95c4,NO
raw\fire\fire_session_002_0006_20261003T152947Z.jpg,fire,fire_session_002,2026-10-03T15:29:47.147265+00:00,1,1920x1080,340,80,1080,840,1080x840,c818f49c3235f29ff027a846848d30396c6d00d13689669b386f46d2474e91d8,NO
raw\fire\fire_session_002_0007_20261003T153007Z.jpg,fire,fire_session_002,2026-10-03T15:30:07.149753+00:00,1,1920x1080,340,80,1080,840,1080x840,04a14a10982c66e0995dc6bb3f84c9ab2e8215aee408c5ace004d96366ca0642,NO
raw\fire\fire_session_002_0008_20261003T153035Z.jpg,fire,fire_session_002,2026-10-03T15:30:35.400820+00:00,1,1920x1080,340,80,1080,840,1080x840,271dcc7874c5d5f5ee228287db133889a5e7ce5829c4a8fcbc163b0debc54c0a,NO
raw\fire\fire_session_002_0009_20261003T153057Z.jpg,fire,fire_session_002,2026-10-03T15:30:57.434091+00:00,1,1920x1080,340,80,1080,840,1080x840,c6c28f621f2e13fff63eb698a616f415e53d06157c35e525f516f75baa69393f,NO
raw\fire\fire_session_002_0010_20261003T153121Z.jpg,fire,fire_session_002,2026-10-03T15:31:21.234136+00:00,1,1920x1080,340,80,1080,840,1080x840,6ff1f323d47b1f3958b43ce5f044b317a39802b094a82d808b3b6e2f96b6846a,NO
raw\fire\fire_session_003_0001_20261003T153146Z.jpg,fire,fire_session_003,2026-10-03T15:31:46.947479+00:00,1,1920x1080,340,80,1080,840,1080x840,3be97c53ccc5b69fe0ee99ce0190fcc558ebb5acd768107bf652c1bf0990ff14,NO
raw\fire\fire_session_003_0002_20261003T153810Z.jpg,fire,fire_session_003,2026-10-03T15:38:10.729161+00:00,1,1920x1080,340,80,1080,840,1080x840,c13c3f84165459604932fc23de42084a4a9e9ae07c92086a2a67854af86ba8b6,NO
raw\fire\fire_session_003_0003_20261003T153824Z.jpg,fire,fire_session_003,2026-10-03T15:38:24.781437+00:00,1,1920x1080,340,80,1080,840,1080x840,93b229c9a60671dc7aab4f8a6a44c9c7b86f63abdaac07375dc03f9c31b91db8,NO
raw\fire\fire_session_003_0004_20261003T153916Z.jpg,fire,fire_session_003,2026-10-03T15:39:16.641324+00:00,1,1920x1080,340,80,1080,840,1080x840,8a6ce27e128e96d5d6cbc8f72bf3c087f7896ddb378a1067af2c7cee609502a5,NO
raw\fire\fire_session_003_0005_20261003T153934Z.jpg,fire,fire_session_003,2026-10-03T15:39:34.114403+00:00,1,1920x1080,340,80,1080,840,1080x840,1895cc03ffa1d41d2b45295fa286c0d4ce2d663bd8d353f5d447fca4b3a6bea1,NO
raw\fire\fire_session_003_0006_20261003T153958Z.jpg,fire,fire_session_003,2026-10-03T15:39:58.564884+00:00,1,1920x1080,340,80,1080,840,1080x840,8418faaf24e06a551a80508b7d32bb4f011d0e7612c7750a1672d0c827bfa623,NO
raw\fire\fire_session_003_0007_20261003T154021Z.jpg,fire,fire_session_003,2026-10-03T15:40:21.760749+00:00,1,1920x1080,340,80,1080,840,1080x840,090b687fbff350fdb0baec99cdb43232c8b60d6c1cc3e0073f5deb9b09db008b,NO
raw\fire\fire_session_003_0008_20261003T154050Z.jpg,fire,fire_session_003,2026-10-03T15:40:50.812325+00:00,1,1920x1080,340,80,1080,840,1080x840,8a255b66797d8f039e5a4edc3dc0498b245250d2fce68572f63bc1c2074aea5b,NO
raw\fire\fire_session_003_0009_20261003T154130Z.jpg,fire,fire_session_003,2026-10-03T15:41:30.176534+00:00,1,1920x1080,340,80,1080,840,1080x840,730c261aa00eb585851b189fd027fa39f230a03baac67ec0b217a38340d81cca,NO
raw\fire\fire_session_003_0010_20261003T154159Z.jpg,fire,fire_session_003,2026-10-03T15:41:59.079547+00:00,1,1920x1080,340,80,1080,840,1080x840,289c1950e464f499524ad0716c855d456c35363bd96760f912ee1a2548a4c5ea,NO
raw\smoke\smoke_session_003_0001_20261003T154235Z.jpg,smoke,smoke_session_003,2026-10-03T15:42:35.668876+00:00,1,1920x1080,340,80,1080,840,1080x840,11a14be676b97df49ea164964f762b668ca492d533a50c050a91e1b2fef1b162,NO
raw\smoke\smoke_session_002_0001_20261003T154337Z.jpg,smoke,smoke_session_002,2026-10-03T15:43:37.040483+00:00,1,1920x1080,340,80,1080,840,1080x840,0606634a979328577e642230ee2f2fc81c56054c10280125a76ca821348f09d9,NO
raw\smoke\smoke_session_002_0002_20261003T154355Z.jpg,smoke,smoke_session_002,2026-10-03T15:43:55.512778+00:00,1,1920x1080,340,80,1080,840,1080x840,625f54aab97f58d5d50bf0343850efebf1a333e9e292c66542cfdb044338fbe8,NO
raw\smoke\smoke_session_002_0003_20261003T154412Z.jpg,smoke,smoke_session_002,2026-10-03T15:44:12.791698+00:00,1,1920x1080,340,80,1080,840,1080x840,7eab4358bd253c9c0e4bc6e48da8e7df5378d61a4e4e65733c8129cfac884c25,NO
raw\smoke\smoke_session_002_0004_20261003T154433Z.jpg,smoke,smoke_session_002,2026-10-03T15:44:33.343222+00:00,1,1920x1080,340,80,1080,840,1080x840,c71435d2d402232997b844d92c10667a6766f2ec7dbb83aea953019cd2edcd24,NO
raw\smoke\smoke_session_002_0005_20261003T154509Z.jpg,smoke,smoke_session_002,2026-10-03T15:45:09.233143+00:00,1,1920x1080,340,80,1080,840,1080x840,77e987b3c5aaeb808f3bd2f02e9a724690815237153ec40abd7c0bd0f4736988,NO
raw\smoke\smoke_session_002_0006_20261003T154531Z.jpg,smoke,smoke_session_002,2026-10-03T15:45:31.063019+00:00,1,1920x1080,340,80,1080,840,1080x840,9c48648965483c1be6c65692e506f8e3140226d5724519f8d590befd7130749f,NO
raw\smoke\smoke_session_002_0007_20261003T154551Z.jpg,smoke,smoke_session_002,2026-10-03T15:45:51.956386+00:00,1,1920x1080,340,80,1080,840,1080x840,7f914df33ef48291b28afa855a1906ca96865b2c263d1b882894b0d6c0d17fde,NO
raw\smoke\smoke_session_002_0008_20261003T154613Z.jpg,smoke,smoke_session_002,2026-10-03T15:46:13.343949+00:00,1,1920x1080,340,80,1080,840,1080x840,b3b2dba44ba3ab0bc90d3294acd329acb16bf6f50afe036211acfdefbb250923,NO
raw\smoke\smoke_session_002_0009_20261003T154631Z.jpg,smoke,smoke_session_002,2026-10-03T15:46:31.301400+00:00,1,1920x1080,340,80,1080,840,1080x840,085e67eb5e3db7cf111951a6921542db32f52b6caecad81c67d4fb619c193aae,NO
raw\smoke\smoke_session_002_0010_20261003T154659Z.jpg,smoke,smoke_session_002,2026-10-03T15:46:59.927615+00:00,1,1920x1080,340,80,1080,840,1080x840,1fcda4da26394128fb2bd5d1cf409725761fc5f48304fbcbacc3b8587b7e3f70,NO
raw\smoke\smoke_session_003_0002_20261003T154754Z.jpg,smoke,smoke_session_003,2026-10-03T15:47:54.851808+00:00,1,1920x1080,340,80,1080,840,1080x840,d7d809263f6dd9cdb6a40462073237d4b8cdcd1fa116ab5601995b8e1089a1e5,NO
raw\smoke\smoke_session_003_0003_20261003T154821Z.jpg,smoke,smoke_session_003,2026-10-03T15:48:21.150096+00:00,1,1920x1080,340,80,1080,840,1080x840,339226437fa164930d127d47c4fbbf137c04733652efe4df77960348ba8e1aaf,NO
raw\smoke\smoke_session_003_0004_20261003T155007Z.jpg,smoke,smoke_session_003,2026-10-03T15:50:07.869755+00:00,1,1920x1080,340,80,1080,840,1080x840,55c44009081fdc36f6bcd28b21c4e4c4d718d56451d2640b329cf193c780b352,NO
raw\smoke\smoke_session_003_0005_20261003T155029Z.jpg,smoke,smoke_session_003,2026-10-03T15:50:29.312879+00:00,1,1920x1080,340,80,1080,840,1080x840,7a1947dcace3b7e91021d80c7e2bfb8495385fb571db84526de6c673cd213b3b,NO
raw\smoke\smoke_session_003_0006_20261003T155054Z.jpg,smoke,smoke_session_003,2026-10-03T15:50:54.532089+00:00,1,1920x1080,340,80,1080,840,1080x840,ea005df7a1f2085d74abb614bb2950781e002abe681a35596252c9db4d52e6af,YES
raw\smoke\smoke_session_003_0007_20261003T155114Z.jpg,smoke,smoke_session_003,2026-10-03T15:51:14.594604+00:00,1,1920x1080,340,80,1080,840,1080x840,229e1e29e7b4a4ec076c7558de9e43f8b8eff484300735e9bbf775a498d9e55e,NO
raw\smoke\smoke_session_003_0008_20261003T155140Z.jpg,smoke,smoke_session_003,2026-10-03T15:51:40.832881+00:00,1,1920x1080,340,80,1080,840,1080x840,5243ed9eb2493d110678d12627f8980b3310d12b2dae0f3f1010218e48c370f6,YES
raw\smoke\smoke_session_003_0009_20261003T155158Z.jpg,smoke,smoke_session_003,2026-10-03T15:51:58.705119+00:00,1,1920x1080,340,80,1080,840,1080x840,73fef232d676e122cdb2c33de83c095b256d9606cc19b1f0566edc3fe18cfc3c,YES
raw\smoke\smoke_session_003_0010_20261003T155229Z.jpg,smoke,smoke_session_003,2026-10-03T15:52:29.943348+00:00,1,1920x1080,340,80,1080,840,1080x840,421a2aa85efb3982a02852779786a8d0e4cdefb12ff30c7011daf7c8c68dd21a,NO
raw\person\person_session_002_0001_20261003T155317Z.jpg,person,person_session_002,2026-10-03T15:53:17.101902+00:00,1,1920x1080,340,80,1080,840,1080x840,730b8b630f966054c8fd3389c88c8469948fc521f023a391f9090c85a9150dae,NO
raw\person\person_session_002_0002_20261003T155336Z.jpg,person,person_session_002,2026-10-03T15:53:36.459329+00:00,1,1920x1080,340,80,1080,840,1080x840,e1ad0ec04128f544a27aab70b8a6c4186c02cfb26d4a6c07aec7ad548993c1ba,YES
raw\person\person_session_002_0003_20261003T155402Z.jpg,person,person_session_002,2026-10-03T15:54:02.798695+00:00,1,1920x1080,340,80,1080,840,1080x840,055b75dc750ed4f321e76982957bf448ea982194c1ab48b270c09f4f19edf717,YES
raw\person\person_session_002_0004_20261003T155426Z.jpg,person,person_session_002,2026-10-03T15:54:26.578896+00:00,1,1920x1080,340,80,1080,840,1080x840,7fcc2dbea464d092a95c62325b1676c7ce4b7f3020b9bce8be1d40aad2a8a220,YES
raw\person\person_session_002_0005_20261003T155455Z.jpg,person,person_session_002,2026-10-03T15:54:55.749164+00:00,1,1920x1080,340,80,1080,840,1080x840,8d4fc9b2eebfd48283e52dbe892e88546011f842a352b7f99f1d14fe7c69009e,YES
raw\person\person_session_002_0006_20261003T155521Z.jpg,person,person_session_002,2026-10-03T15:55:21.913462+00:00,1,1920x1080,340,80,1080,840,1080x840,065c80bc7d1e7fed56cf62bab240b991b399c3ff0716d343c0b1e5917268b3af,YES
raw\person\person_session_002_0007_20261003T155543Z.jpg,person,person_session_002,2026-10-03T15:55:43.126917+00:00,1,1920x1080,340,80,1080,840,1080x840,68e7300734ea5c9d8c4da210db13280e644178097565d03e361aab38fd7c8aa2,NO
raw\person\person_session_002_0008_20261003T155601Z.jpg,person,person_session_002,2026-10-03T15:56:01.574115+00:00,1,1920x1080,340,80,1080,840,1080x840,6a3031e15b9985508836e02f6aea8b17ac2f59e74c77cd6d869c099715166685,YES
raw\person\person_session_002_0009_20261003T155622Z.jpg,person,person_session_002,2026-10-03T15:56:22.308713+00:00,1,1920x1080,340,80,1080,840,1080x840,84a99a19d070cfa6dceb5153675af10a040de02baa63d13dcc43356dbed57fa9,NO
raw\person\person_session_002_0010_20261003T155643Z.jpg,person,person_session_002,2026-10-03T15:56:43.229106+00:00,1,1920x1080,340,80,1080,840,1080x840,fa25c57d1f90b7ae815a204e27ad13b0ad50b606739045d9e4cd147523ed11b8,YES
raw\person\person_session_003_0001_20261003T155732Z.jpg,person,person_session_003,2026-10-03T15:57:32.306916+00:00,1,1920x1080,340,80,1080,840,1080x840,6d6c90080348be7f72079ebb1a68a8c2955f42030fb0fe0d0d7e521149c84945,NO
raw\person\person_session_003_0002_20261003T155806Z.jpg,person,person_session_003,2026-10-03T15:58:06.278108+00:00,1,1920x1080,340,80,1080,840,1080x840,2eb24c35beae901fa1e405be95f7ad73c1845ed1f7278c9f4e8e86ba9c0b7927,NO
raw\person\person_session_003_0003_20261003T155824Z.jpg,person,person_session_003,2026-10-03T15:58:24.224174+00:00,1,1920x1080,340,80,1080,840,1080x840,45a76c44d100badab7db2ef2194ef661bc1730166788e18a68acee0e9313aaec,NO
raw\person\person_session_003_0004_20261003T155845Z.jpg,person,person_session_003,2026-10-03T15:58:45.315859+00:00,1,1920x1080,340,80,1080,840,1080x840,5827cbd86e4fd93a60bcfc071274e11bb56508d73433ff9ae806371afefc1e13,NO
raw\person\person_session_003_0005_20261003T155906Z.jpg,person,person_session_003,2026-10-03T15:59:06.026837+00:00,1,1920x1080,340,80,1080,840,1080x840,ec14a1264a18b8cd886b4c2127f69ee807e34233974e4a046249ac83426bab82,NO
raw\person\person_session_003_0006_20261003T155929Z.jpg,person,person_session_003,2026-10-03T15:59:29.464605+00:00,1,1920x1080,340,80,1080,840,1080x840,081ab399391b34c055b27ad4684778718b4d72e6b1349b47b2baf08f68e366ca,NO
raw\person\person_session_003_0007_20261003T155949Z.jpg,person,person_session_003,2026-10-03T15:59:49.429838+00:00,1,1920x1080,340,80,1080,840,1080x840,89138aa97368e7c10f684918700a241a02397a9f4e49482c77821dcea02947ea,NO
raw\person\person_session_003_0008_20261003T160012Z.jpg,person,person_session_003,2026-10-03T16:00:12.043504+00:00,1,1920x1080,340,80,1080,840,1080x840,cf0ada65f43112b623adff17b260eccab7d0133f02a41be5c880341d22fd1d58,NO
raw\person\person_session_003_0009_20261003T160034Z.jpg,person,person_session_003,2026-10-03T16:00:34.628364+00:00,1,1920x1080,340,80,1080,840,1080x840,42927d8db564fe52f1007cd605aafe021ef2da8119a44645826424a27ca0a526,YES
raw\person\person_session_003_0010_20261003T160056Z.jpg,person,person_session_003,2026-10-03T16:00:56.570353+00:00,1,1920x1080,340,80,1080,840,1080x840,b910e6eddb95b65f9870b4c50c9301c97b39a7dd93f9f8a2b3c8e7de95fd03bb,YES
raw\negative\negative_session_003_0001_20261003T160213Z.jpg,negative,negative_session_003,2026-10-03T16:02:13.333887+00:00,1,1920x1080,340,80,1080,840,1080x840,506811fda891c03eb710d7959edb1549b9bcefa23f1475229cd7a8ff2ef97a16,NO
raw\negative\negative_session_003_0002_20261003T160234Z.jpg,negative,negative_session_003,2026-10-03T16:02:34.362506+00:00,1,1920x1080,340,80,1080,840,1080x840,e425659eca09e8ce9a18bf1c8cf0b2cbfe25897aa4bcbc1d880071f5f52c6ed6,YES
raw\negative\negative_session_003_0003_20261003T160256Z.jpg,negative,negative_session_003,2026-10-03T16:02:56.918998+00:00,1,1920x1080,340,80,1080,840,1080x840,b0e7b04a8cf1866d077cd498d26f50d235dd6c3e98058049dc25f9594be3a06e,YES
raw\negative\negative_session_003_0004_20261003T160319Z.jpg,negative,negative_session_003,2026-10-03T16:03:19.428246+00:00,1,1920x1080,340,80,1080,840,1080x840,3c5f9e124520ac18d363b00385b5ae2e5cbef35ffee361a45678ec269f4c863c,NO
raw\negative\negative_session_003_0005_20261003T160341Z.jpg,negative,negative_session_003,2026-10-03T16:03:41.253138+00:00,1,1920x1080,340,80,1080,840,1080x840,51ccdf65f7c5aed6396ae3ae51a2ad35321ba9fb81a498174d36b6d87b185e19,YES
raw\negative\negative_session_003_0006_20261003T160402Z.jpg,negative,negative_session_003,2026-10-03T16:04:02.400900+00:00,1,1920x1080,340,80,1080,840,1080x840,0b8e7b730e87100488e499baec67eddbae5475597b10771c352c22ca79284444,YES
raw\negative\negative_session_003_0007_20261003T160421Z.jpg,negative,negative_session_003,2026-10-03T16:04:21.916642+00:00,1,1920x1080,340,80,1080,840,1080x840,ba38146ee9d4155d85e7b93317b81524b28551ab5e7cc5fcfd57501c707d80f4,YES
raw\negative\negative_session_003_0008_20261003T160447Z.jpg,negative,negative_session_003,2026-10-03T16:04:47.425802+00:00,1,1920x1080,340,80,1080,840,1080x840,ce4eaf4f944b143cc0169c4b7cee07e6050e7b6d436b258ea3d46e92b248145e,NO
raw\negative\negative_session_003_0009_20261003T160520Z.jpg,negative,negative_session_003,2026-10-03T16:05:20.560838+00:00,1,1920x1080,340,80,1080,840,1080x840,7fbbe55c7c60a993ca6c960ede0c77aa2928513078e576b7f64b473193a8f7b3,NO
raw\negative\negative_session_003_0010_20261003T160553Z.jpg,negative,negative_session_003,2026-10-03T16:05:53.264140+00:00,1,1920x1080,340,80,1080,840,1080x840,bff3ec76ff221c02f4593c7ad4295c4795a03b3435c75ee008a010e5b7c2c617,YES
raw\fire\fire_session_004_0001_20261003T175127Z.jpg,fire,fire_session_004,2026-10-03T17:51:27.673230+00:00,1,1920x1080,340,80,1080,840,1080x840,c2145e1b368c7d86e57ad38d9cad5d48dba0b6242cf7b05689ec714e8b504595,NO
raw\fire\fire_session_004_0002_20261003T175137Z.jpg,fire,fire_session_004,2026-10-03T17:51:37.894141+00:00,1,1920x1080,340,80,1080,840,1080x840,993e06309463048ad68e0ef848999a0f6dd4dcc7bf919227b6525f5126400087,YES
raw\fire\fire_session_004_0003_20261003T175201Z.jpg,fire,fire_session_004,2026-10-03T17:52:01.220760+00:00,1,1920x1080,340,80,1080,840,1080x840,8bd963ed02c21bb8f7e9db57fe5291bde083725cab95447a117d20da1e91dff4,NO
raw\fire\fire_session_004_0004_20261003T175219Z.jpg,fire,fire_session_004,2026-10-03T17:52:19.179290+00:00,1,1920x1080,340,80,1080,840,1080x840,8b5d548f786a3c32a90bfddf139e798291826f5680a11e08b3505aec3130f1a4,NO
raw\fire\fire_session_004_0005_20261003T175248Z.jpg,fire,fire_session_004,2026-10-03T17:52:48.116720+00:00,1,1920x1080,340,80,1080,840,1080x840,47b75b1849f4e1469085df53089011f4e17186074af8e52b562546661957945a,NO
raw\fire\fire_session_004_0006_20261003T175305Z.jpg,fire,fire_session_004,2026-10-03T17:53:05.268805+00:00,1,1920x1080,340,80,1080,840,1080x840,b78f2a7ab8822b8d7db5b04605fffc22aa39d3c891425798c21ee4aeacfb2ae9,NO
raw\fire\fire_session_004_0007_20261003T175325Z.jpg,fire,fire_session_004,2026-10-03T17:53:25.536113+00:00,1,1920x1080,340,80,1080,840,1080x840,6c7453001cb2392d6b8278495ceeb3fe9bd006894b8d3dda7fcc654bd18fabd3,NO
raw\fire\fire_session_004_0008_20261003T175348Z.jpg,fire,fire_session_004,2026-10-03T17:53:48.408425+00:00,1,1920x1080,340,80,1080,840,1080x840,50ddd7b507f4ea8067dbdf25c68d2eebab0ff729e4de47d720db43d8e554b284,NO
raw\fire\fire_session_004_0009_20261003T175412Z.jpg,fire,fire_session_004,2026-10-03T17:54:12.047652+00:00,1,1920x1080,340,80,1080,840,1080x840,a58fdb6ac6f4d6acd8cdc9d297e42a6d68dbbf90813129ecbdf52e8f6c512746,NO
raw\fire\fire_session_004_0010_20261003T175437Z.jpg,fire,fire_session_004,2026-10-03T17:54:37.349473+00:00,1,1920x1080,340,80,1080,840,1080x840,2be5598109d28a458c3e0f460a88a5f63816ea77dac6930c4062ee34ebf9e4cc,NO
raw/fire/fire_session_004_0011_20261003T175647Z.jpg,fire,fire_session_004,2026-10-03T17:56:47.700733+00:00,1,1920x1080,340,80,1080,840,1080x840,7ed50c83e989d797348e4e175fc026546c884bf28558333aa8bf9e695b041984,NO
raw/fire/fire_session_004_0012_20261003T175718Z.jpg,fire,fire_session_004,2026-10-03T17:57:18.860760+00:00,1,1920x1080,340,80,1080,840,1080x840,8f06b1421d1885e2996f7c25e296aef496a0a57c1a69d4ac3e6aa481aadc58e8,NO
raw/fire/fire_session_004_0013_20261003T175809Z.jpg,fire,fire_session_004,2026-10-03T17:58:09.711696+00:00,1,1920x1080,340,80,1080,840,1080x840,05bf66458c23fcfefeb71ab0a94fa26654ca39e2741ae4a362dd05d3ae9929d9,NO
raw/fire/fire_session_004_0014_20261003T175838Z.jpg,fire,fire_session_004,2026-10-03T17:58:38.622626+00:00,1,1920x1080,340,80,1080,840,1080x840,98ea73b3793fa32b9414574ad48a4915e1c0873dd078ebcf843e9ad989a7acd0,NO
raw/fire/fire_session_004_0015_20261003T175907Z.jpg,fire,fire_session_004,2026-10-03T17:59:07.118547+00:00,1,1920x1080,340,80,1080,840,1080x840,01fa80a195632ec4ea6c558f80a339ecb8cf33bd1a12e66e22e112bc7a2e138e,NO
raw/fire/fire_session_004_0016_20261003T175941Z.jpg,fire,fire_session_004,2026-10-03T17:59:41.209428+00:00,1,1920x1080,340,80,1080,840,1080x840,c5ea2b5b5487057ba6dc2cf5ec0c369e92149480e9c09fe59fd3c7eebc3d7d31,NO
raw/fire/fire_session_004_0017_20261003T180011Z.jpg,fire,fire_session_004,2026-10-03T18:00:11.596791+00:00,1,1920x1080,340,80,1080,840,1080x840,db0400a6b2bcf3cfaaa9a4c1dca789b79bc463f83e6a25455e522dbfe1df2285,NO
