filename,class,session_id,timestamp,camera_index,native_resolution,crop_x,crop_y,crop_width,crop_height,saved_resolution,sha256,perceptual_hash,duplicate_warning
raw\road_obstacle\road_obstacle_session_001_0001_20261003T190745Z.jpg,road_obstacle,road_obstacle_session_001,2026-10-03T19:07:45.016893+00:00,1,1920x1080,340,80,1080,840,1080x840,8b02adbfca7849ebafefa1fbca71fe9fb599785ce8fbbecce59cc3bc02a731f9,1101111111000000110100111101011111010111110111110000000100000000,NO
raw\road_obstacle\road_obstacle_session_002_0001_20261003T190918Z.jpg,road_obstacle,road_obstacle_session_002,2026-10-03T19:09:18.074183+00:00,1,1920x1080,340,80,1080,840,1080x840,9ea80f74c8ad6e87bd60c96c3849018a243eb298e73ee6caf016e67dc3951727,1101111111000000110100111101011111010111110111110000001100000000,NO
raw\road_obstacle\road_obstacle_session_002_0002_20261003T190921Z.jpg,road_obstacle,road_obstacle_session_002,2026-10-03T19:09:21.242205+00:00,1,1920x1080,340,80,1080,840,1080x840,831fc42d9c879eec0bbe7c6a0a36f20f53eb91cc2fccecee474c1b25bfbb0e46,1101111111000000110100111101011111010111110111110000001100000000,YES
raw\road_obstacle\road_obstacle_session_002_0003_20261003T190924Z.jpg,road_obstacle,road_obstacle_session_002,2026-10-03T19:09:24.059301+00:00,1,1920x1080,340,80,1080,840,1080x840,6d2b5def6f4fdd69c6b7d5d230d22e9d2d0ccf31986eac7b6ebf1ae855d6fbe7,1101111111000000110100111101011111010111110111110000001100000000,YES
raw\road_obstacle\road_obstacle_session_002_0004_20261003T190926Z.jpg,road_obstacle,road_obstacle_session_002,2026-10-03T19:09:26.111159+00:00,1,1920x1080,340,80,1080,840,1080x840,c2ca378e76137872bde25898b993b48efc47bb5ac559d1b79f9dbdf6fe10d232,1101111111000000110100111101011111010111110111110000001100000000,YES
raw\road_obstacle\road_obstacle_session_002_0005_20261003T190928Z.jpg,road_obstacle,road_obstacle_session_002,2026-10-03T19:09:28.660808+00:00,1,1920x1080,340,80,1080,840,1080x840,57679725cf0327b98f939f590489cb7fe99ca225ced7132c7e1049af5722d336,1101111111000000110100111101011111010111110111110000001100000000,YES
raw\road_obstacle\road_obstacle_session_002_0006_20261003T190931Z.jpg,road_obstacle,road_obstacle_session_002,2026-10-03T19:09:31.754162+00:00,1,1920x1080,340,80,1080,840,1080x840,c65f1f010d2f2e0e582685e37aa2e5dfc0f280bbc0a4536fbb1b6638339f5744,1101111111000000110100111101011111010111110111110000001100000000,YES
raw\road_obstacle\road_obstacle_session_002_0007_20261003T190934Z.jpg,road_obstacle,road_obstacle_session_002,2026-10-03T19:09:34.576515+00:00,1,1920x1080,340,80,1080,840,1080x840,a7e76f6b294f601ce7547a3b27ddda3c5cb2f0a7ec333ba9e07ba04234b5d76e,1101111111000000110100111101011111011111110111110000001100000000,YES
raw\road_obstacle\road_obstacle_session_002_0008_20261003T190938Z.jpg,road_obstacle,road_obstacle_session_002,2026-10-03T19:09:38.738076+00:00,1,1920x1080,340,80,1080,840,1080x840,98599b4bd9f7e1db4b6bf90f850d6d97a049832ecd854422cd80d529edf43ee7,1101111111000000110101111101011111010111110111110000001100000000,YES
raw\road_obstacle\road_obstacle_session_002_0009_20261003T190941Z.jpg,road_obstacle,road_obstacle_session_002,2026-10-03T19:09:41.117943+00:00,1,1920x1080,340,80,1080,840,1080x840,27b2368b64d992d444b5afba6d1444bf5b21e992a3a88a7911792d131e242874,1101111111000000110100111101011111010111110111110000001100000000,YES
raw\road_obstacle\road_obstacle_session_002_0010_20261003T190947Z.jpg,road_obstacle,road_obstacle_session_002,2026-10-03T19:09:47.971137+00:00,1,1920x1080,340,80,1080,840,1080x840,1ed360caa9633a3e882a0afa0d452464d9438b6786fd3290b1381c1bfc4a20b5,1101111111000000110100111101011111010111110111110000001100000000,YES
raw\road_obstacle\road_obstacle_session_014_0001_20261003T191120Z.jpg,road_obstacle,road_obstacle_session_014,2026-10-03T19:11:20.721325+00:00,1,1920x1080,340,80,1080,840,1080x840,bde55ed7e4e9656b17078bcaa8cbe9e5ecb33cb69aa74ab02a06b43b78f7ef18,1101110111000000110100111101011111010111110111110000001100000000,NO
raw\road_obstacle\road_obstacle_session_014_0002_20261003T191122Z.jpg,road_obstacle,road_obstacle_session_014,2026-10-03T19:11:22.978280+00:00,1,1920x1080,340,80,1080,840,1080x840,5f0b412f214cdf83f80fe8c30d89b17aa2151a4b9ccfc0b21a12eecd816c1925,1101110111000000110101111101011111010111110111110000001100000000,YES
raw\road_obstacle\road_obstacle_session_014_0003_20261003T191127Z.jpg,road_obstacle,road_obstacle_session_014,2026-10-03T19:11:27.749360+00:00,1,1920x1080,340,80,1080,840,1080x840,c60a235efb9dd01a677a4018f684af0c19919fa05dfa032a570f50dffb01515c,1101100111000000110100111101011111010111110111110000001100000000,YES
raw\road_obstacle\road_obstacle_session_014_0004_20261003T191129Z.jpg,road_obstacle,road_obstacle_session_014,2026-10-03T19:11:29.703490+00:00,1,1920x1080,340,80,1080,840,1080x840,90b8136ce520bb30e373aa68f4a0bbcb2fcf4686a1d12789779c2a5aed4c2a3e,1101100111000000110100111101011111010111110111110000001100000000,YES
raw\road_obstacle\road_obstacle_session_014_0005_20261003T191133Z.jpg,road_obstacle,road_obstacle_session_014,2026-10-03T19:11:33.489679+00:00,1,1920x1080,340,80,1080,840,1080x840,5a285d723397bded9f72492bd350713b274f32ddceec42ba463588d21a4b2ef2,1101100111000000110100111101011111011111110111110000001100000000,YES
raw\road_obstacle\road_obstacle_session_014_0006_20261003T191136Z.jpg,road_obstacle,road_obstacle_session_014,2026-10-03T19:11:36.413025+00:00,1,1920x1080,340,80,1080,840,1080x840,d62c6167ca2b209be5e426318a2635ab89c0a7bab3264a72fd68ea0ec68c50bd,1101110111000000110101111101011111010111110111110000001100000000,YES
raw\road_obstacle\road_obstacle_session_014_0007_20261003T191139Z.jpg,road_obstacle,road_obstacle_session_014,2026-10-03T19:11:39.341417+00:00,1,1920x1080,340,80,1080,840,1080x840,070de973e0d36d9e646e54b23ce5f60a0ce19fa3dd7796db0b423a973430329d,1101100111000000110100111101011111011111110111110000001100000000,YES
raw\road_obstacle\road_obstacle_session_014_0008_20261003T191141Z.jpg,road_obstacle,road_obstacle_session_014,2026-10-03T19:11:41.549985+00:00,1,1920x1080,340,80,1080,840,1080x840,49e10a7cc8cc24a114206ca8e3f20f4d98a1c3d3a8900999582f7185eea58271,1101100111000000110100111101011111011111110111110000001100000000,YES
raw\road_obstacle\road_obstacle_session_014_0009_20261003T191143Z.jpg,road_obstacle,road_obstacle_session_014,2026-10-03T19:11:43.045251+00:00,1,1920x1080,340,80,1080,840,1080x840,ff83ab9c6106907a9628cc50de6b33a28582e0062e658e9c0166055ebd33f4a5,1101100111000000110100111101011111011111110111110000001100000000,YES
raw\road_obstacle\road_obstacle_session_014_0010_20261003T191148Z.jpg,road_obstacle,road_obstacle_session_014,2026-10-03T19:11:48.760461+00:00,1,1920x1080,340,80,1080,840,1080x840,393dff7fcc4aecf79aa91a5c0398fafebdfe5b1b7dfbe898e384947449d3c0ac,1101110111000000110101111101011111010111110111110000001100000000,YES
raw\pothole\pothole_session_001_0001_20261003T191338Z.jpg,pothole,pothole_session_001,2026-10-03T19:13:38.965021+00:00,1,1920x1080,340,80,1080,840,1080x840,ba9193ace973cb881fc1d2ff573d761f5d83555d7cfd1e5bc5331252ab1a5621,1101111111000000110101111101011111010111110111110000000100000000,NO
raw\pothole\pothole_session_001_0002_20261003T191341Z.jpg,pothole,pothole_session_001,2026-10-03T19:13:41.406540+00:00,1,1920x1080,340,80,1080,840,1080x840,dee5558f4e96fcc5ab481ea5afca58fb4fcf178101d662f8fdb1eedb5735cafa,1101111111000000110101111101011111010111110111110000001100000000,YES
raw\pothole\pothole_session_001_0003_20261003T191343Z.jpg,pothole,pothole_session_001,2026-10-03T19:13:43.918376+00:00,1,1920x1080,340,80,1080,840,1080x840,9e9d5e74af6020d66550a6a1ce1f1c12dc0013eab945decab1e72684c2433bd3,1101111111000000110101111101011111010111110111110000001100000000,YES
raw\pothole\pothole_session_001_0004_20261003T191346Z.jpg,pothole,pothole_session_001,2026-10-03T19:13:46.329288+00:00,1,1920x1080,340,80,1080,840,1080x840,2b8f78737acb329caa2824ec4028745fef1f12460697010a57c728497af620f5,1101111111000000110101111101011111010111110111110000001100000000,YES
raw\pothole\pothole_session_001_0005_20261003T191349Z.jpg,pothole,pothole_session_001,2026-10-03T19:13:49.211923+00:00,1,1920x1080,340,80,1080,840,1080x840,1e9e47e4e13a26fa2fbc52b702ab36a86d26c36d0a94a5152d0d8c191d545927,1101111111000000110101111101011111010111110111110000001100000000,YES
raw\pothole\pothole_session_001_0006_20261003T191352Z.jpg,pothole,pothole_session_001,2026-10-03T19:13:52.055527+00:00,1,1920x1080,340,80,1080,840,1080x840,5b4f8018a2fef27009281ebb8179ef8ef579ed1e01576dd614a8302448dea919,1101111111000000110101111101011111010111110111110000000100000000,YES
raw\pothole\pothole_session_001_0007_20261003T191355Z.jpg,pothole,pothole_session_001,2026-10-03T19:13:55.691438+00:00,1,1920x1080,340,80,1080,840,1080x840,3812ea462a262321391fb47c2ab967a5fa51f6903eee64aa99cac800ee0ca11d,1101111111000000110101111101011111010111110111110000001100000000,YES
raw\pothole\pothole_session_001_0008_20261003T191359Z.jpg,pothole,pothole_session_001,2026-10-03T19:13:59.342730+00:00,1,1920x1080,340,80,1080,840,1080x840,be1572c82a346cf5b01ae5f9306a49cfc037215d74a79c665f7ab7c44fe987cd,1101110111000000110101111101011111010111110111110000001100000000,YES
raw\pothole\pothole_session_001_0009_20261003T191403Z.jpg,pothole,pothole_session_001,2026-10-03T19:14:03.409466+00:00,1,1920x1080,340,80,1080,840,1080x840,84e9dd045713af3cae7e184eb8ccde1db1dfe8e698adeb5cc1cda68dbca4fc8e,1101110111000000110101111101011111010111110111110000001100000000,YES
raw\pothole\pothole_session_001_0010_20261003T191407Z.jpg,pothole,pothole_session_001,2026-10-03T19:14:07.765514+00:00,1,1920x1080,340,80,1080,840,1080x840,2076e59ae1774e2ec489e2ccecf44688f26ee5962ba794b7c828bd220bb26a46,1101110111000000110101111101011111010111110111110000001100000000,YES
raw\pothole\pothole_session_001_0011_20261003T191411Z.jpg,pothole,pothole_session_001,2026-10-03T19:14:11.322640+00:00,1,1920x1080,340,80,1080,840,1080x840,4f8666d71c4c77ca5eda1229a920852b8401e43dae7f69ef78d5e017d1dc8393,1101110111000000110101111101011111011111110111110000001100000000,YES
raw\pothole\pothole_session_001_0012_20261003T191414Z.jpg,pothole,pothole_session_001,2026-10-03T19:14:14.913592+00:00,1,1920x1080,340,80,1080,840,1080x840,8ffaf00530a46a609e1b41b632a445823554beca817ef98b8816f5e67c50a1a4,1101110111000000110101111101011111010111110111110000001100000000,YES
raw\pothole\pothole_session_001_0013_20261003T191434Z.jpg,pothole,pothole_session_001,2026-10-03T19:14:34.420487+00:00,1,1920x1080,340,80,1080,840,1080x840,4ebe9cb335400e1bde2dcd0212f10464fcaf1be82cffe9ff16f9cde1cebc6ba3,1101111111000000110100111101011111010111110111110000000100000000,YES
raw\pothole\pothole_session_001_0014_20261003T191505Z.jpg,pothole,pothole_session_001,2026-10-03T19:15:05.106188+00:00,1,1920x1080,340,80,1080,840,1080x840,17ec81410aa1d6f0fca192c1af1d0dafde5e81274cb13d7e350d09b3334323fa,1101111111000000110101111101011111010111110111110000001100000000,YES
raw\pothole\pothole_session_001_0015_20261003T191508Z.jpg,pothole,pothole_session_001,2026-10-03T19:15:08.105644+00:00,1,1920x1080,340,80,1080,840,1080x840,f456ceffe85d4273f52e9844fbcfcbd1def584a9d3ecec3b678e4b36368801ab,1101111111000000110101111101011111010111110111110000001100000000,YES
raw\pothole\pothole_session_001_0016_20261003T191510Z.jpg,pothole,pothole_session_001,2026-10-03T19:15:10.940179+00:00,1,1920x1080,340,80,1080,840,1080x840,0737ef554b27384e0f95c179c5b15b346f03bbc1047c5d6aae4faebeaa19f78b,1101111111000000110101111101011111010111110111110000001100000000,YES
raw\pothole\pothole_session_001_0017_20261003T191514Z.jpg,pothole,pothole_session_001,2026-10-03T19:15:14.313560+00:00,1,1920x1080,340,80,1080,840,1080x840,afacc64239a75505551ca4957f570bcdc2c039ae35ebb89127f295a2a054755b,1101111111000000110100111101011111010111110111110000001100000000,YES
raw\pothole\pothole_session_001_0018_20261003T191518Z.jpg,pothole,pothole_session_001,2026-10-03T19:15:18.195430+00:00,1,1920x1080,340,80,1080,840,1080x840,db4a6124a77e8514b2f3751896c02ae5f6e15b6258761aaaa440fce448e237b9,1101111111000000110100111101011111010111110111110000001100000000,YES
raw\pothole\pothole_session_001_0019_20261003T191521Z.jpg,pothole,pothole_session_001,2026-10-03T19:15:21.108812+00:00,1,1920x1080,340,80,1080,840,1080x840,b7d0ab51349255bd0587e8fe855f9f8279e20adce467b1b321056d925fef0e13,1101110111000000110101111101011111010111110111110000001100000000,YES
raw\pothole\pothole_session_001_0020_20261003T191523Z.jpg,pothole,pothole_session_001,2026-10-03T19:15:23.170295+00:00,1,1920x1080,340,80,1080,840,1080x840,021e9dc9dbbcc221e3370049b67d2332f09ceb97d2a911b27e7726c5786b69d8,1101110111000000110101111101011111010111110111110000001100000000,YES
raw\pothole\pothole_session_001_0021_20261003T191525Z.jpg,pothole,pothole_session_001,2026-10-03T19:15:25.161994+00:00,1,1920x1080,340,80,1080,840,1080x840,5abc28855944d60cd142e7774b048bb5fe32a098c00181795663d489ed23cac2,1100100111000000110100111101011111011111110111110000001100000000,YES
raw\pothole\pothole_session_001_0022_20261003T191527Z.jpg,pothole,pothole_session_001,2026-10-03T19:15:27.960583+00:00,1,1920x1080,340,80,1080,840,1080x840,f55d92791a06aa522930436667313b21be6522af8467e4d29683d650e39f6ebd,1101110111000000110101111101011111011111110111110000001100000000,YES
raw\pothole\pothole_session_001_0023_20261003T191533Z.jpg,pothole,pothole_session_001,2026-10-03T19:15:33.081787+00:00,1,1920x1080,340,80,1080,840,1080x840,b5bcfb00a442302fe53559860bbaf6d3e4e4bdc4b1f039dcb9ac9cf827d4a76c,1101110111000000110101111101011111011111110111110000001100000000,YES
raw\pothole\pothole_session_001_0024_20261003T191537Z.jpg,pothole,pothole_session_001,2026-10-03T19:15:37.081607+00:00,1,1920x1080,340,80,1080,840,1080x840,dda0eb7bbc90fa39dd4061a795929e674b27e25eb57733ecab04494ef1f21ea1,1101111111000000110101111101011111010111110111110000001100000000,YES
raw\pothole\pothole_session_001_0025_20261003T191552Z.jpg,pothole,pothole_session_001,2026-10-03T19:15:52.096675+00:00,1,1920x1080,340,80,1080,840,1080x840,42fb214eddd478007467f6a3814f7b8b09c5d3e90111d8a3bd067eb0f128d1f6,1101111111000000110101111101011111010111110111110000001100000000,YES
raw\pothole\pothole_session_001_0026_20261003T191555Z.jpg,pothole,pothole_session_001,2026-10-03T19:15:55.158574+00:00,1,1920x1080,340,80,1080,840,1080x840,6363d2b7262b45918ba8bb3055aa5805e95d5ec22ebc7249a1daebe1a5902166,1101111111000000110101111101011111010111110111110000001100000000,YES
raw\pothole\pothole_session_001_0027_20261003T191557Z.jpg,pothole,pothole_session_001,2026-10-03T19:15:57.478307+00:00,1,1920x1080,340,80,1080,840,1080x840,35b1513863ca4a5cbdb9ad2987efa2e80d1ecddf6fa1396e91c5acd2dee82247,1101111111000000110100111101011111010111110111110000001100000000,YES
raw\pothole\pothole_session_001_0028_20261003T191559Z.jpg,pothole,pothole_session_001,2026-10-03T19:15:59.201417+00:00,1,1920x1080,340,80,1080,840,1080x840,d81c6519683edb654f40895f6aab200a8aa1b8d948728cee747ae0a047c66a7c,1101111111000000110101111101011111010111110111110000001100000000,YES
raw\pothole\pothole_session_001_0029_20261003T191602Z.jpg,pothole,pothole_session_001,2026-10-03T19:16:02.284335+00:00,1,1920x1080,340,80,1080,840,1080x840,c3bb7be01f37ebb8ea592ded1c075d0dadc7fb8eb20f497ed6d700e09d668f78,1101111111000000110100111101011111010111110111110000001100000000,YES
raw\pothole\pothole_session_001_0030_20261003T191604Z.jpg,pothole,pothole_session_001,2026-10-03T19:16:04.395784+00:00,1,1920x1080,340,80,1080,840,1080x840,1905036559a53bdeb99a7249da13bfa067b6b48a9fb124143ddf4c34b849efe6,1101111111000000110101111101011111010111110111110000001100000000,YES
raw\pothole\pothole_session_001_0031_20261003T191607Z.jpg,pothole,pothole_session_001,2026-10-03T19:16:07.859021+00:00,1,1920x1080,340,80,1080,840,1080x840,8654fb720bdb61bb1e82029fd6892b7c7e6fc2974f07dc055b253f534a349932,1101111111000000110100111101011111010111110111110000001100000000,YES
raw\pothole\pothole_session_001_0032_20261003T191609Z.jpg,pothole,pothole_session_001,2026-10-03T19:16:09.683994+00:00,1,1920x1080,340,80,1080,840,1080x840,73e7ac6a6f07e11ded34c17572335e82549fb4dfa884e060acd5acde6666aff8,1101110111000000110100111101011111010111110111110000001100000000,YES
raw\pothole\pothole_session_001_0033_20261003T191614Z.jpg,pothole,pothole_session_001,2026-10-03T19:16:14.802958+00:00,1,1920x1080,340,80,1080,840,1080x840,3f0bbf14797d5b6a881e6b382d36ef4822c58e641c96cb0765e7c3591ccfaab2,1101111111000000110100111101011111010111110111110000001100000000,YES
raw\pothole\pothole_session_001_0034_20261003T191616Z.jpg,pothole,pothole_session_001,2026-10-03T19:16:16.954423+00:00,1,1920x1080,340,80,1080,840,1080x840,6e827dae49907c1fffca622b62b1b0de9436567ba27e5c72e5ba70e2e4ecdf97,1101111111000000110101111101011111010111110111110000001100000000,YES
raw\pothole\pothole_session_001_0035_20261003T191620Z.jpg,pothole,pothole_session_001,2026-10-03T19:16:20.746909+00:00,1,1920x1080,340,80,1080,840,1080x840,cb143078f3863b619df0479a0aa9228510bec3ff2c959231d4bc5f7172a8eed8,1101111111000000110100111101011111010111110111110000001100000000,YES
raw\pothole\pothole_session_001_0036_20261003T191641Z.jpg,pothole,pothole_session_001,2026-10-03T19:16:41.607324+00:00,1,1920x1080,340,80,1080,840,1080x840,83c02bcd7cbee3a02fc752385bd7f4784f5fa3e79bbecf40ac979d16beaabdf1,1101111111000000110100111101011111010111110111110000001100000000,YES
raw\pothole\pothole_session_001_0037_20261003T191653Z.jpg,pothole,pothole_session_001,2026-10-03T19:16:53.282563+00:00,1,1920x1080,340,80,1080,840,1080x840,86f7f26d2d3bee3050ea57f7ddae3c7bd297c3e9e953350c00020c5fc9695625,1101111111000000110101111101011111011111110111110000001100000000,YES
raw\pothole\pothole_session_001_0038_20261003T191657Z.jpg,pothole,pothole_session_001,2026-10-03T19:16:57.776297+00:00,1,1920x1080,340,80,1080,840,1080x840,0e8a07ef6fbcbc49b80e3549e962f2b446ec77c7361212dede2d204cfdc3b50c,1100111111000000110100111101011111011111110111110000001100000000,YES
raw\pothole\pothole_session_001_0039_20261003T191701Z.jpg,pothole,pothole_session_001,2026-10-03T19:17:01.458047+00:00,1,1920x1080,340,80,1080,840,1080x840,151ffeb798d1fb07d5153f81fca0a38c28a02531d613deee219fb5b1f7e75bfb,1101111111000000110100111101011111011111110111110000001100000000,YES
raw\pothole\pothole_session_001_0040_20261003T191704Z.jpg,pothole,pothole_session_001,2026-10-03T19:17:04.440725+00:00,1,1920x1080,340,80,1080,840,1080x840,8a97c9a45961f9e15d833b74d7f387ab707722f87332aaa7ea0bd3cb43acca4c,1101111111000000110101111101011111011111110111110000001100000000,YES
raw\pothole\pothole_session_002_0001_20261003T191725Z.jpg,pothole,pothole_session_002,2026-10-03T19:17:25.970375+00:00,1,1920x1080,340,80,1080,840,1080x840,c68a75f2f4af459ab4d6963b3ea6494083e12fcbfdf33c90cd3a5d22c26db08b,1101111111000000110101111101011111010111110111110000001100000000,NO
raw\pothole\pothole_session_002_0002_20261003T191727Z.jpg,pothole,pothole_session_002,2026-10-03T19:17:27.098458+00:00,1,1920x1080,340,80,1080,840,1080x840,56135184ef7cf391355caab9b508ae72611aab3ff5ceecb1f882adb7f9117d25,1101101111000000110100111101011111011111110111110000001100000000,YES
raw\pothole\pothole_session_002_0003_20261003T191728Z.jpg,pothole,pothole_session_002,2026-10-03T19:17:28.471848+00:00,1,1920x1080,340,80,1080,840,1080x840,dd8eeb819b032f6f9cf8cf0183f0ce812c453440c20df9d153d47871df0420a6,1101111111000000110100111101011111010111110111110000001100000000,YES
raw\pothole\pothole_session_002_0004_20261003T191731Z.jpg,pothole,pothole_session_002,2026-10-03T19:17:31.443670+00:00,1,1920x1080,340,80,1080,840,1080x840,1b35b5f909f3a6dea7b30ca7d89a904ee807b4469707d344bffd0b73d91736ca,1101111111000000110100111101011111010111110111110000001100000000,YES
raw\pothole\pothole_session_002_0005_20261003T191733Z.jpg,pothole,pothole_session_002,2026-10-03T19:17:33.627096+00:00,1,1920x1080,340,80,1080,840,1080x840,6eaf6eb507f6b12b4a93e411f963059d74085a5be56f8620ff62636274cd25fb,1101111111000000110101111101011111010111110111110000001100000000,YES
raw\pothole\pothole_session_002_0006_20261003T191736Z.jpg,pothole,pothole_session_002,2026-10-03T19:17:36.287260+00:00,1,1920x1080,340,80,1080,840,1080x840,0346a435a1c7d578ddc047a8e39ed6a41bf91b79c962284fd8b8a62905ceafb9,1101111111000000110101111101011111010111110111110000001100000000,YES
raw\pothole\pothole_session_002_0007_20261003T191738Z.jpg,pothole,pothole_session_002,2026-10-03T19:17:38.327959+00:00,1,1920x1080,340,80,1080,840,1080x840,b605b27058f1307af9a6f020651645ba15001547ce6721b585f197ef3a8d04c3,1101111111000000110101111101011111010111110111110000001100000000,YES
raw\pothole\pothole_session_002_0008_20261003T191741Z.jpg,pothole,pothole_session_002,2026-10-03T19:17:41.030877+00:00,1,1920x1080,340,80,1080,840,1080x840,2d4f16adf2cf701faf7977da56d951a0c73af9dd7b9158d4e8b0fc05129db71f,1101111111000000110101111101011111010111110111110000001100000000,YES
raw\pothole\pothole_session_002_0009_20261003T191743Z.jpg,pothole,pothole_session_002,2026-10-03T19:17:43.892084+00:00,1,1920x1080,340,80,1080,840,1080x840,2c5b06b6c637dab3773866d6a5da40c110367eb7c77e61b33e69bc4153e4d636,1101111111000000110101111101011111010111110111110000001100000000,YES
raw\pothole\pothole_session_002_0010_20261003T191745Z.jpg,pothole,pothole_session_002,2026-10-03T19:17:45.837238+00:00,1,1920x1080,340,80,1080,840,1080x840,18ecf531f3ec6cbb9d87e8825826fc11447c6f8faae697a3fff48161ae207241,1101111111000000110100111101011111010111110111110000001100000000,YES
raw\pothole\pothole_session_003_0001_20261003T191756Z.jpg,pothole,pothole_session_003,2026-10-03T19:17:56.680530+00:00,1,1920x1080,340,80,1080,840,1080x840,d7be792beb02e430863ad570343d5ef5d0059570d88145572127c218c3667829,1101111111000000110101111101011111010111110111110000001100000000,NO
raw\pothole\pothole_session_003_0002_20261003T191759Z.jpg,pothole,pothole_session_003,2026-10-03T19:17:59.721148+00:00,1,1920x1080,340,80,1080,840,1080x840,5133161d90dd85bab3d06a36fee3ffb40d3ef9382ab00c5e7333d98ba8573805,1101111111000000110100111101011111010111110111110000001100000000,YES
raw\pothole\pothole_session_003_0003_20261003T191801Z.jpg,pothole,pothole_session_003,2026-10-03T19:18:01.217417+00:00,1,1920x1080,340,80,1080,840,1080x840,93bed80b167b44e57fc3f82f8d2f2bf8120d72abf4fe345fd2eb81d3ea95282d,1101111111000000110101111101011111010111110111110000001100000000,YES
raw\pothole\pothole_session_003_0004_20261003T191803Z.jpg,pothole,pothole_session_003,2026-10-03T19:18:03.291217+00:00,1,1920x1080,340,80,1080,840,1080x840,c517ac2a015a485f630b07db61651f9cc427e42b906cca1189055140ec6cc62f,1101111111000000110101111101011111010111110111110000001100000000,YES
raw\pothole\pothole_session_003_0005_20261003T191808Z.jpg,pothole,pothole_session_003,2026-10-03T19:18:08.980540+00:00,1,1920x1080,340,80,1080,840,1080x840,9df91f9e8ef6aa71025d918690c2670fd02d724b05fe04502b233f858143d55d,1101111111000000110101111101011111010111110111110000001100000000,YES
raw\pothole\pothole_session_003_0006_20261003T191810Z.jpg,pothole,pothole_session_003,2026-10-03T19:18:11.007945+00:00,1,1920x1080,340,80,1080,840,1080x840,afa958fe0508346750e3cb64204d2299160945bfde06a195a2841cc9cb63c76b,1101111111000000110101111101011111010111110111110000001100000000,YES
raw\pothole\pothole_session_003_0007_20261003T191813Z.jpg,pothole,pothole_session_003,2026-10-03T19:18:13.316282+00:00,1,1920x1080,340,80,1080,840,1080x840,eb3f2497268a21cb49284f69f0d47efa984f4ccd8fcdd47f292357ed0d4e95ce,1101111111000000110100111101011111010111110111110000001100000000,YES
raw\pothole\pothole_session_003_0008_20261003T191824Z.jpg,pothole,pothole_session_003,2026-10-03T19:18:24.173440+00:00,1,1920x1080,340,80,1080,840,1080x840,5b327c3f2dcd850e88e1d26a652a7875f869171c02c45a9a4745640e038fc00b,1100110011000000110101111101011111011111110111110000001100000000,NO
raw\pothole\pothole_session_003_0009_20261003T191827Z.jpg,pothole,pothole_session_003,2026-10-03T19:18:27.785112+00:00,1,1920x1080,340,80,1080,840,1080x840,5838352b917bfa2778b86ac114a7acd148a0f9fad0b6f3307328a4e8e002db3e,1100010011000000110100111101011111011111110111110000001100000000,YES
raw\pothole\pothole_session_003_0010_20261003T191830Z.jpg,pothole,pothole_session_003,2026-10-03T19:18:30.306983+00:00,1,1920x1080,340,80,1080,840,1080x840,e905dbaec399e4d9182309b14e7d1919280db8f7f7476fb03a948f3f6cff3755,1100011111000000110100111101011111011111110111110000011100000000,YES
raw\road_obstacle\road_obstacle_session_015_0001_20261003T191910Z.jpg,road_obstacle,road_obstacle_session_015,2026-10-03T19:19:10.235256+00:00,1,1920x1080,340,80,1080,840,1080x840,ee5f0bb5fa3cd678215858e3022779e653a417606e5b136ef25fdaf388c480d6,1101110011000000110101101101011111011111110111110000001100000000,NO
raw\road_obstacle\road_obstacle_session_015_0002_20261003T191912Z.jpg,road_obstacle,road_obstacle_session_015,2026-10-03T19:19:12.199841+00:00,1,1920x1080,340,80,1080,840,1080x840,7cd7402a00e05e095307f84807802c5687fa7f712725bb08b541bc9cd92f797a,1101110011000000110101101101111111011111110111110000001100000000,YES
raw\road_obstacle\road_obstacle_session_015_0003_20261003T191914Z.jpg,road_obstacle,road_obstacle_session_015,2026-10-03T19:19:14.244909+00:00,1,1920x1080,340,80,1080,840,1080x840,823ed2bcfc343eb9078be7c84d1bc28bfc68a42ebe08de849ab8b6b6c3de25a5,1101110011000000110101101101111111011111110111110000001100000000,YES
raw\road_obstacle\road_obstacle_session_015_0004_20261003T191917Z.jpg,road_obstacle,road_obstacle_session_015,2026-10-03T19:19:17.271177+00:00,1,1920x1080,340,80,1080,840,1080x840,3fd3b45692f4876e5ac31717ae57170f7943a57cbf80b0376811ae560b0ebe98,1101110011000000110101101101011111011111110111110000001100000000,YES
raw\road_obstacle\road_obstacle_session_015_0005_20261003T191918Z.jpg,road_obstacle,road_obstacle_session_015,2026-10-03T19:19:18.911003+00:00,1,1920x1080,340,80,1080,840,1080x840,f9d329b535f90726f5643246f1273f34a260d67705b7af91b1762682f4ba46a2,1101110011000000110101101101011111011111110111110000001100000000,YES
raw\road_obstacle\road_obstacle_session_015_0006_20261003T191921Z.jpg,road_obstacle,road_obstacle_session_015,2026-10-03T19:19:21.256872+00:00,1,1920x1080,340,80,1080,840,1080x840,33b09b19695009a8cb180f246866586552136780b3c9fe0a88c5aec3ed65a382,1100110011000000110101101101011111011111110111110000001100000000,YES
raw\road_obstacle\road_obstacle_session_015_0007_20261003T191923Z.jpg,road_obstacle,road_obstacle_session_015,2026-10-03T19:19:23.788117+00:00,1,1920x1080,340,80,1080,840,1080x840,755344dada5b88630ef0ee91cb520c33fb0c2aa0e2bd8d52b44c2cdf01d5d39d,1100110011000000110101101101011111011111110111110000001100000000,YES
raw\road_obstacle\road_obstacle_session_015_0008_20261003T191929Z.jpg,road_obstacle,road_obstacle_session_015,2026-10-03T19:19:29.381999+00:00,1,1920x1080,340,80,1080,840,1080x840,307c9357ee5ccea09cff85167dd8f0648f93057fb9adb7a9b9901d35c8ae4b1d,1100100011000000110101101101011111011111110111110000001100000000,YES
raw\road_obstacle\road_obstacle_session_015_0009_20261003T191931Z.jpg,road_obstacle,road_obstacle_session_015,2026-10-03T19:19:31.462467+00:00,1,1920x1080,340,80,1080,840,1080x840,7998ba18bd139ccfd7e86d34496fe5ad411fe589bcd7dc279108a575558f1887,1101110011000000110101101101011111011111110111110000001100000000,YES
raw\road_obstacle\road_obstacle_session_015_0010_20261003T191933Z.jpg,road_obstacle,road_obstacle_session_015,2026-10-03T19:19:33.591194+00:00,1,1920x1080,340,80,1080,840,1080x840,4b959988e28b8b8e7b5451a44bca281f3e1b1807810c0ca6d8c5a971a9c1494d,1101110011000000110101101101011111011111110111110000001100000000,YES
raw\road_obstacle\road_obstacle_session_016_0001_20261003T191942Z.jpg,road_obstacle,road_obstacle_session_016,2026-10-03T19:19:42.645593+00:00,1,1920x1080,340,80,1080,840,1080x840,0524345f21bead3ca7df03263c60934e3d169042735a1836d09bef29204612b4,1101100011000000110100101101011111011111110111110000001100000000,NO
raw\road_obstacle\road_obstacle_session_016_0002_20261003T191944Z.jpg,road_obstacle,road_obstacle_session_016,2026-10-03T19:19:44.736366+00:00,1,1920x1080,340,80,1080,840,1080x840,3f66baddd78ae324d7c7e335e9e141b19f96ceaf9e800e8487ecf5db5cb8c877,1101100011000000110100101101011111011111110111110000001100000000,YES
raw\road_obstacle\road_obstacle_session_016_0003_20261003T191948Z.jpg,road_obstacle,road_obstacle_session_016,2026-10-03T19:19:48.205848+00:00,1,1920x1080,340,80,1080,840,1080x840,0a41a13e4ef5bcffdcb85a29c978a6f32eec4cfd59b81cf6db868ece062696a3,1101100011000000110101101101011111011111110111110000001100000000,YES
raw\road_obstacle\road_obstacle_session_016_0004_20261003T191951Z.jpg,road_obstacle,road_obstacle_session_016,2026-10-03T19:19:51.324473+00:00,1,1920x1080,340,80,1080,840,1080x840,adaa49e13005f14eb36ea89a30c75af65981f84ffef083d8085843f30ef23954,1101110011000000110101101101011111011111110111110000001100000000,YES
raw\road_obstacle\road_obstacle_session_016_0005_20261003T191955Z.jpg,road_obstacle,road_obstacle_session_016,2026-10-03T19:19:55.911597+00:00,1,1920x1080,340,80,1080,840,1080x840,e8674776f1c2b3053bba8f8292ed752771b2a066c9df646fe9ea0be30fed9e16,1100000011000000110100101101011111011111110111110000011100000000,NO
raw\road_obstacle\road_obstacle_session_016_0006_20261003T192001Z.jpg,road_obstacle,road_obstacle_session_016,2026-10-03T19:20:01.994862+00:00,1,1920x1080,340,80,1080,840,1080x840,23c7e42c2f6b446daf770da971061231a3c260aef37681f396136586496c6425,1101110011000000110101101101011111011111110111110000001100000000,NO
raw\road_obstacle\road_obstacle_session_016_0007_20261003T192004Z.jpg,road_obstacle,road_obstacle_session_016,2026-10-03T19:20:04.329735+00:00,1,1920x1080,340,80,1080,840,1080x840,2d96cdc1092a3290c70b6d4a2a6348976bde52cf8bf5a4f67cf6ce9dded1cb67,1101100011000000110100101101011111011111110111110000001100000000,YES
raw\road_obstacle\road_obstacle_session_016_0008_20261003T192005Z.jpg,road_obstacle,road_obstacle_session_016,2026-10-03T19:20:05.660745+00:00,1,1920x1080,340,80,1080,840,1080x840,27facaf5d943d4638842adc8d2e9374da8a95ff54fbcc87c2480743f47ae9756,1101100011000000110100101101011111011111110111110000001100000000,YES
raw\road_obstacle\road_obstacle_session_016_0009_20261003T192007Z.jpg,road_obstacle,road_obstacle_session_016,2026-10-03T19:20:07.735345+00:00,1,1920x1080,340,80,1080,840,1080x840,fe0c823721acb59aa5af29895182173146d3e42012235913255c84f9db0653a0,1100100011000000110100101101011111011111110111110000001100000000,YES
raw\road_obstacle\road_obstacle_session_016_0010_20261003T192010Z.jpg,road_obstacle,road_obstacle_session_016,2026-10-03T19:20:10.132215+00:00,1,1920x1080,340,80,1080,840,1080x840,602f7b75bddffac80efbc03a67d7f099128f3009b7de949d71ff09d1e0c18d4f,1101110011000000110101101101011111011111110111110000001100000000,YES
raw\road_obstacle\road_obstacle_session_017_0001_20261003T192024Z.jpg,road_obstacle,road_obstacle_session_017,2026-10-03T19:20:24.271186+00:00,1,1920x1080,340,80,1080,840,1080x840,90981f2e87e124fe0fa9fecdec2020a9c970589ea4f40ee68b520f02813803e3,1101110011000000110101101101011111011111110111110000001100000000,NO
raw\road_obstacle\road_obstacle_session_017_0002_20261003T192025Z.jpg,road_obstacle,road_obstacle_session_017,2026-10-03T19:20:25.661468+00:00,1,1920x1080,340,80,1080,840,1080x840,6b817a531762ef135f2651fcac445dac7ce216246f55919c217dc8972cc7c0cc,1101110011000000110101101101011111011111110111110000001100000000,YES
raw\road_obstacle\road_obstacle_session_017_0003_20261003T192028Z.jpg,road_obstacle,road_obstacle_session_017,2026-10-03T19:20:28.159964+00:00,1,1920x1080,340,80,1080,840,1080x840,f3a759db709714d9c00602a8b8a037872e0999c2431122d4758453a1f16c1049,1100100011000000110101101101011111011111110111110000011100000000,YES
raw\road_obstacle\road_obstacle_session_017_0004_20261003T192030Z.jpg,road_obstacle,road_obstacle_session_017,2026-10-03T19:20:30.929864+00:00,1,1920x1080,340,80,1080,840,1080x840,21116e21e155157995ad11ce01e086c9d5b5c8e65448f899a59b55ecc90e8c33,1100100011000000110100101101011111011111110111110000011100000000,YES
raw\road_obstacle\road_obstacle_session_017_0005_20261003T192032Z.jpg,road_obstacle,road_obstacle_session_017,2026-10-03T19:20:32.554526+00:00,1,1920x1080,340,80,1080,840,1080x840,0f4a7dc4be9fbce1e04980bd45f86f989c50e5a2be4311c1605c97bce4143e68,1100100011000000110100101101011111011111110111110000011100000000,YES
raw\road_obstacle\road_obstacle_session_017_0006_20261003T192035Z.jpg,road_obstacle,road_obstacle_session_017,2026-10-03T19:20:35.642249+00:00,1,1920x1080,340,80,1080,840,1080x840,6a5db1e7ff18216936231cf477e889965a9d10eb629b2609f0ed93e762632894,1100110011000000110100101101011111011111110111110000011100000000,YES
raw\road_obstacle\road_obstacle_session_017_0007_20261003T192037Z.jpg,road_obstacle,road_obstacle_session_017,2026-10-03T19:20:38.008337+00:00,1,1920x1080,340,80,1080,840,1080x840,fd162d849c2e91fa5c5fcc698e3bc777545f3f261c48f5d015daecd2d6f507f2,1100110011000000110100101101011111011111110111110000011100000000,YES
raw\road_obstacle\road_obstacle_session_017_0008_20261003T192039Z.jpg,road_obstacle,road_obstacle_session_017,2026-10-03T19:20:39.905665+00:00,1,1920x1080,340,80,1080,840,1080x840,d951d1b20d6964fe9e9fe7841e37982f4ebb2e5e29eec6e231f1f4ac904b3657,1100110011000000110100101101011111011111110111110000001100000000,YES
raw\road_obstacle\road_obstacle_session_017_0009_20261003T192043Z.jpg,road_obstacle,road_obstacle_session_017,2026-10-03T19:20:43.132672+00:00,1,1920x1080,340,80,1080,840,1080x840,bae3f65183648e825ea80a3aaf00d37e9f8439a835ad2aca73169c54833ac9c7,1100110011000000110100101101011111011111110111110000011100000000,YES
raw\road_obstacle\road_obstacle_session_017_0010_20261003T192044Z.jpg,road_obstacle,road_obstacle_session_017,2026-10-03T19:20:44.995337+00:00,1,1920x1080,340,80,1080,840,1080x840,1f96479b2559036a617485abe89dc2d9367d84fb9543379ef5deb5eec1476ac4,1100110011000000110100101101011111011111110111110000011100000000,YES
raw\road_obstacle\road_obstacle_session_018_0001_20261003T192058Z.jpg,road_obstacle,road_obstacle_session_018,2026-10-03T19:20:58.896862+00:00,1,1920x1080,340,80,1080,840,1080x840,a6886eff983c9b8d2279ff67543e3f4d238b5f2e8907e23c159947aa23b94741,1100110011000000110101101101011111011111110111110000001100000000,NO
raw\road_obstacle\road_obstacle_session_018_0002_20261003T192101Z.jpg,road_obstacle,road_obstacle_session_018,2026-10-03T19:21:01.634649+00:00,1,1920x1080,340,80,1080,840,1080x840,19905a7067bf93baf9304f4fe02d8c49388e0d6c21c1d0263f2d32d96d8d5bee,1101110011000000110101111101011111011111110111110000001100000000,YES
raw\road_obstacle\road_obstacle_session_018_0003_20261003T192105Z.jpg,road_obstacle,road_obstacle_session_018,2026-10-03T19:21:05.150367+00:00,1,1920x1080,340,80,1080,840,1080x840,7e1d7faadec28ac989b7a93480ebd015cc459a3df72e02f4840cf2b732428e22,1101110011000000110101101101011111011111110111110000001100000000,YES
raw\road_obstacle\road_obstacle_session_018_0004_20261003T192108Z.jpg,road_obstacle,road_obstacle_session_018,2026-10-03T19:21:08.313899+00:00,1,1920x1080,340,80,1080,840,1080x840,2d67269c4eeafd70bbb96b2bd66de70aafa26328ba1f62f40f47b53e34dfa071,1101110011000000110101111101011111011111110111110000001100000000,YES
raw\road_obstacle\road_obstacle_session_018_0005_20261003T192109Z.jpg,road_obstacle,road_obstacle_session_018,2026-10-03T19:21:09.554617+00:00,1,1920x1080,340,80,1080,840,1080x840,272358b1ef24f8b2097fa4fa516b90960387768bd823cabab8c8e03c6b75608f,1101110011000000110101101101011111011111110111110000001100000000,YES
raw\road_obstacle\road_obstacle_session_018_0006_20261003T192112Z.jpg,road_obstacle,road_obstacle_session_018,2026-10-03T19:21:12.887462+00:00,1,1920x1080,340,80,1080,840,1080x840,25dc7f9ce06b464f2b25f5359826cc281706555aa40617bde007272c933fc2c8,1101110011000000110101111101011111011111110111110000001100000000,YES
raw\road_obstacle\road_obstacle_session_018_0007_20261003T192115Z.jpg,road_obstacle,road_obstacle_session_018,2026-10-03T19:21:15.575583+00:00,1,1920x1080,340,80,1080,840,1080x840,ea719c93ed73145ba650bac9e78b85d476866ad5188911866cb55c71f564cf8b,1100110011000000110101101101011111011111110111110000011100000000,YES
raw\road_obstacle\road_obstacle_session_018_0008_20261003T192120Z.jpg,road_obstacle,road_obstacle_session_018,2026-10-03T19:21:20.186698+00:00,1,1920x1080,340,80,1080,840,1080x840,b97d89ad22d6c67aaac4860db5f284ba744d8e29a4b14ec513cd9ce59712dcb8,1101110011000000110100101101011111011111110111110000001100000000,YES
raw\road_obstacle\road_obstacle_session_018_0009_20261003T192125Z.jpg,road_obstacle,road_obstacle_session_018,2026-10-03T19:21:25.900647+00:00,1,1920x1080,340,80,1080,840,1080x840,c9b5c51dc2688917b92b54aaae9fdc57b53d781a05fc16d1cb34fd9e1594298e,1101010011000000110101101101011111011111110111110000001100000000,YES
raw\road_obstacle\road_obstacle_session_018_0010_20261003T192131Z.jpg,road_obstacle,road_obstacle_session_018,2026-10-03T19:21:31.260430+00:00,1,1920x1080,340,80,1080,840,1080x840,cea7d5ed9ba700f422efd39c037966b3359c9f080838832cb2d810fb8c6276e3,1101100011000000110101101101011111011111110111110000001100000000,YES
raw\clear_road\clear_road_session_001_0001_20261003T192201Z.jpg,clear_road,clear_road_session_001,2026-10-03T19:22:01.789817+00:00,1,1920x1080,340,80,1080,840,1080x840,406d2d88f7f0fdf92d6578de92b071a9929713eafb3c12edc50cc9355b7ebb02,1101110011000000110101111101011111010111110111110000001100000000,NO
raw\clear_road\clear_road_session_001_0002_20261003T192202Z.jpg,clear_road,clear_road_session_001,2026-10-03T19:22:02.132105+00:00,1,1920x1080,340,80,1080,840,1080x840,f02eae003eeac497435a6b22e0366e996c0daa7d8bcf193ee7119326b71f2748,1101110011000000110101111101011111010111110111110000001100000000,YES
raw\clear_road\clear_road_session_001_0003_20261003T192202Z.jpg,clear_road,clear_road_session_001,2026-10-03T19:22:02.738142+00:00,1,1920x1080,340,80,1080,840,1080x840,a4470d458a80a4510560c7a48a49186e3048586a2e6d447f946edd003cc2843c,1101111011000000110101111101011111010111110111110000001100000000,YES
raw\clear_road\clear_road_session_001_0004_20261003T192203Z.jpg,clear_road,clear_road_session_001,2026-10-03T19:22:03.163135+00:00,1,1920x1080,340,80,1080,840,1080x840,22f2f242b1f71497d255fc7bef1e27e8cd9cd22f9a1b32b27859fab1a5a5c98c,1101111011000000110100111101011111010111110111110000001100000000,YES
raw\clear_road\clear_road_session_001_0005_20261003T192203Z.jpg,clear_road,clear_road_session_001,2026-10-03T19:22:03.550429+00:00,1,1920x1080,340,80,1080,840,1080x840,81e808e47a3026933daa9bd0fe71c8cf6736bdf9f79d4e924dcfcbadd0cd1b14,1101111011000000110101111101011111010111110111110000001100000000,YES
raw\clear_road\clear_road_session_001_0006_20261003T192204Z.jpg,clear_road,clear_road_session_001,2026-10-03T19:22:04.075127+00:00,1,1920x1080,340,80,1080,840,1080x840,2f8a64e4dbe14a4f84a54e7b8b30177d7030bcd284b4498971e6e0b25481bb02,1101111011000000110101111101011111010111110111110000001100000000,YES
raw\clear_road\clear_road_session_001_0007_20261003T192204Z.jpg,clear_road,clear_road_session_001,2026-10-03T19:22:04.516109+00:00,1,1920x1080,340,80,1080,840,1080x840,8351f6d67b9b8ca735f629b9c417a8eaa9f56928cf5da519a9f6b392dd4efc74,1101111011000000110101111101011111010111110111110000001100000000,YES
raw\clear_road\clear_road_session_001_0008_20261003T192204Z.jpg,clear_road,clear_road_session_001,2026-10-03T19:22:04.971061+00:00,1,1920x1080,340,80,1080,840,1080x840,47feccfd73c4286e2cb186083ad5e8432410fd8a033a24d533672072d9ece7bb,1101111011000000110101111101011111010111110111110000001100000000,YES
raw\clear_road\clear_road_session_001_0009_20261003T192205Z.jpg,clear_road,clear_road_session_001,2026-10-03T19:22:05.071729+00:00,1,1920x1080,340,80,1080,840,1080x840,bc09679d7f0cf1f2d975ad56f6205a69bb3da12bda27861ae30a263c9bfe0f1e,1101111011000000110101111101011111010111110111110000001100000000,YES
raw\clear_road\clear_road_session_001_0010_20261003T192205Z.jpg,clear_road,clear_road_session_001,2026-10-03T19:22:05.443791+00:00,1,1920x1080,340,80,1080,840,1080x840,2324f5f133a876cd005d4574d4b08319ef64fd481cacdec027ea2556d31f2e66,1101111011000000110101111101011111010111110111110000001100000000,YES
raw\clear_road\clear_road_session_001_0011_20261003T192205Z.jpg,clear_road,clear_road_session_001,2026-10-03T19:22:05.819110+00:00,1,1920x1080,340,80,1080,840,1080x840,38161830597f6c475da8aad58a2f7fc26d27755189a0a74fb91cdc0f5ec9162d,1101111011000000110101111101011111010111110111110000001100000000,YES
raw\clear_road\clear_road_session_001_0012_20261003T192207Z.jpg,clear_road,clear_road_session_001,2026-10-03T19:22:07.758733+00:00,1,1920x1080,340,80,1080,840,1080x840,bb07a00f1d3d61425c77ae9fc3341d139df7b337f89097db328f658215d462fe,1101111011000000110101111101011111010111110111110000001100000000,YES
raw\clear_road\clear_road_session_001_0013_20261003T192208Z.jpg,clear_road,clear_road_session_001,2026-10-03T19:22:08.442406+00:00,1,1920x1080,340,80,1080,840,1080x840,09b13ea04720902f657fc6295cc4c9da596dbaf37cb5c22217cb81b18407557b,1101110011000000110101111101011111010111110111110000001100000000,YES
raw\clear_road\clear_road_session_001_0014_20261003T192209Z.jpg,clear_road,clear_road_session_001,2026-10-03T19:22:09.176853+00:00,1,1920x1080,340,80,1080,840,1080x840,fe7a481393983ebac2e67a0f76dc26a35bcff10d3afb7bae7c7616f84df45729,1101110011000000110101101101011111011111110111110000001100000000,YES
raw\clear_road\clear_road_session_001_0015_20261003T192209Z.jpg,clear_road,clear_road_session_001,2026-10-03T19:22:09.566861+00:00,1,1920x1080,340,80,1080,840,1080x840,0dde3c8b70522082ba8b10bf7fbe406f33ec0ecfe09564d65dd5a3c8373885b4,1101100011000000110101101101011111011111110111110000001100000000,YES
raw\clear_road\clear_road_session_001_0016_20261003T192210Z.jpg,clear_road,clear_road_session_001,2026-10-03T19:22:10.131759+00:00,1,1920x1080,340,80,1080,840,1080x840,7ba18b8928e0f61f184aa587dc30576a277651666f1828d55e7aa0fafcef131d,1101100011000000110101101101011111011111110111110000001100000000,YES
raw\clear_road\clear_road_session_001_0017_20261003T192210Z.jpg,clear_road,clear_road_session_001,2026-10-03T19:22:10.543900+00:00,1,1920x1080,340,80,1080,840,1080x840,9a719e8856df920633f0612cbc381bc36e82bc59802fd793c7b85530f91bb6a6,1101100011000000110101101101011111011111110111110000001100000000,YES
raw\clear_road\clear_road_session_001_0018_20261003T192210Z.jpg,clear_road,clear_road_session_001,2026-10-03T19:22:10.938931+00:00,1,1920x1080,340,80,1080,840,1080x840,3c0f6efa69747383c2a1527e2e8c05caed55bbbf58cbabd5c02386768ce6dd5e,1101100011000000110101101101011111011111110111110000001100000000,YES
raw\clear_road\clear_road_session_001_0019_20261003T192211Z.jpg,clear_road,clear_road_session_001,2026-10-03T19:22:11.354539+00:00,1,1920x1080,340,80,1080,840,1080x840,8a658b09b522a0e712b3efe3018d0df69e3eb2cb08af95505f827a7b65659cc5,1101100011000000110101101101011111011111110111110000001100000000,YES
raw\clear_road\clear_road_session_001_0020_20261003T192211Z.jpg,clear_road,clear_road_session_001,2026-10-03T19:22:11.730748+00:00,1,1920x1080,340,80,1080,840,1080x840,d221e0673616aa99471617c6f6a21a230ac7ebfd6eea439d56e15e65d3aa7ffd,1101100011000000110101101101011111011111110111110000001100000000,YES
raw\clear_road\clear_road_session_001_0021_20261003T192212Z.jpg,clear_road,clear_road_session_001,2026-10-03T19:22:12.115567+00:00,1,1920x1080,340,80,1080,840,1080x840,b9f1e54c387589ccdbc79b145b518b6ce264ebbbdc90d1d3dc7b31ec2d03c7e8,1101100011000000110101101101011111011111110111110000001100000000,YES
raw\clear_road\clear_road_session_001_0022_20261003T192212Z.jpg,clear_road,clear_road_session_001,2026-10-03T19:22:12.457529+00:00,1,1920x1080,340,80,1080,840,1080x840,343ebd4583cdc351a856f99ccd3ef0254ba416cfc5be4d1c9bc3246285f49fe6,1101100011000000110101101101011111011111110111110000001100000000,YES
raw\clear_road\clear_road_session_001_0023_20261003T192212Z.jpg,clear_road,clear_road_session_001,2026-10-03T19:22:12.836764+00:00,1,1920x1080,340,80,1080,840,1080x840,d769df304da7b6e1a71ac8af5467ea1feeb6c0e26546290c26cc5ffcbac25744,1101100011000000110101101101011111011111110111110000001100000000,YES
raw\clear_road\clear_road_session_001_0024_20261003T192213Z.jpg,clear_road,clear_road_session_001,2026-10-03T19:22:13.178303+00:00,1,1920x1080,340,80,1080,840,1080x840,98fa618c73f92f6540cd0c44e4f9734964f02e7df6d6248dbb8100d617b40128,1101100011000000110101101101011111011111110111110000001100000000,YES
raw\clear_road\clear_road_session_001_0025_20261003T192213Z.jpg,clear_road,clear_road_session_001,2026-10-03T19:22:13.570190+00:00,1,1920x1080,340,80,1080,840,1080x840,a3d89564b4f15ed73f2d1a9a9d97f4fa9c381edc298cffca440c06449112948f,1101100011000000110101101101011111011111110111110000001100000000,YES
raw\clear_road\clear_road_session_001_0026_20261003T192213Z.jpg,clear_road,clear_road_session_001,2026-10-03T19:22:13.924845+00:00,1,1920x1080,340,80,1080,840,1080x840,7c2e654d380093951197b173810307826dc9d5c863761a2e20c91045f44f7e5b,1101100011000000110101101101011111011111110111110000001100000000,YES
raw\clear_road\clear_road_session_001_0027_20261003T192214Z.jpg,clear_road,clear_road_session_001,2026-10-03T19:22:14.285021+00:00,1,1920x1080,340,80,1080,840,1080x840,618db8f33bd2bcb55b6fd9250dd8377690a4c811ad6289aec8b0a660aaae41f4,1101100011000000110101101101011111011111110111110000001100000000,YES
raw\clear_road\clear_road_session_001_0028_20261003T192214Z.jpg,clear_road,clear_road_session_001,2026-10-03T19:22:14.670899+00:00,1,1920x1080,340,80,1080,840,1080x840,06139c8903926145f00538e1b2fee2e2b4013582a8273251884b552003567294,1101100011000000110101101101011111011111110111110000001100000000,YES
raw\clear_road\clear_road_session_001_0029_20261003T192215Z.jpg,clear_road,clear_road_session_001,2026-10-03T19:22:15.030687+00:00,1,1920x1080,340,80,1080,840,1080x840,8fd2ba2126c368ea8bc30db0ac4322097cce74535b65ca2def62ce00e677b0ba,1101100011000000110101101101011111011111110111110000001100000000,YES
raw\clear_road\clear_road_session_001_0030_20261003T192215Z.jpg,clear_road,clear_road_session_001,2026-10-03T19:22:15.388654+00:00,1,1920x1080,340,80,1080,840,1080x840,479eddacea078e3af22c599cea85db56239de786cba49a3884f3be74d97160e5,1101100011000000110101101101011111011111110111110000001100000000,YES
raw\clear_road\clear_road_session_001_0031_20261003T192215Z.jpg,clear_road,clear_road_session_001,2026-10-03T19:22:15.785194+00:00,1,1920x1080,340,80,1080,840,1080x840,3003808e71763e44d93c5d9e4d0e7bb590fac4d4ea31fcc402804a087942d713,1101100011000000110101101101011111011111110111110000001100000000,YES
raw\clear_road\clear_road_session_001_0032_20261003T192216Z.jpg,clear_road,clear_road_session_001,2026-10-03T19:22:16.130620+00:00,1,1920x1080,340,80,1080,840,1080x840,60bb0ce1c602d636c577ab176a03bb96471c81afb2a3cb63995722bce8d6e1c0,1101100011000000110101101101011111011111110111110000001100000000,YES
raw\clear_road\clear_road_session_001_0033_20261003T192216Z.jpg,clear_road,clear_road_session_001,2026-10-03T19:22:16.487444+00:00,1,1920x1080,340,80,1080,840,1080x840,04cd50e4d12e933387288788adb54eadc7760cde8c27c0edb681c4ebbcd579cd,1101100011000000110101101101011111011111110111110000001100000000,YES
raw\clear_road\clear_road_session_001_0034_20261003T192216Z.jpg,clear_road,clear_road_session_001,2026-10-03T19:22:16.871151+00:00,1,1920x1080,340,80,1080,840,1080x840,48e9d785de8c6adcc96283af5ed4d53e24cae88a91b68d1c8903069dee46736b,1101100011000000110101101101011111011111110111110000001100000000,YES
raw\clear_road\clear_road_session_001_0035_20261003T192217Z.jpg,clear_road,clear_road_session_001,2026-10-03T19:22:17.234960+00:00,1,1920x1080,340,80,1080,840,1080x840,bd7bccccd3bbd8b923f838b4240ce58aac5b37ad7f816c4ed0d202751b973730,1101100011000000110101101101011111011111110111110000001100000000,YES
raw\clear_road\clear_road_session_001_0036_20261003T192217Z.jpg,clear_road,clear_road_session_001,2026-10-03T19:22:17.584855+00:00,1,1920x1080,340,80,1080,840,1080x840,93d1b6ee04d3c5d4ed08dcdc2a3acc47a89b5b508061909e3faeca607fb0d445,1101100011000000110101101101011111011111110111110000001100000000,YES
raw\clear_road\clear_road_session_001_0037_20261003T192217Z.jpg,clear_road,clear_road_session_001,2026-10-03T19:22:17.987699+00:00,1,1920x1080,340,80,1080,840,1080x840,3e252dfef9fb119b0289d6155e0411c8beaeb1e2d1d6e00007819bd3256b6f5e,1101100011000000110101101101011111011111110111110000011100000000,YES
raw\clear_road\clear_road_session_001_0038_20261003T192218Z.jpg,clear_road,clear_road_session_001,2026-10-03T19:22:18.368720+00:00,1,1920x1080,340,80,1080,840,1080x840,58f24c7bdb874b3910d848b59e70a739e140ba30f752304aba590be13b631fb8,1101100011000000110101101101011111011111110111110000001100000000,YES
raw\clear_road\clear_road_session_001_0039_20261003T192218Z.jpg,clear_road,clear_road_session_001,2026-10-03T19:22:18.726126+00:00,1,1920x1080,340,80,1080,840,1080x840,f269747a17b79dd9224751af2138f88287ce79a2fe59c3f1762725ff91d8dbad,1101100011000000110101101101011111011111110111110000001100000000,YES
raw\clear_road\clear_road_session_001_0040_20261003T192219Z.jpg,clear_road,clear_road_session_001,2026-10-03T19:22:19.089571+00:00,1,1920x1080,340,80,1080,840,1080x840,17196dd2cd79224ccafbc2af773f453d5558bae276b37cf0e9b095d2a5f16ca8,1101100011000000110101101101011111011111110111110000001100000000,YES
raw\clear_road\clear_road_session_002_0001_20261003T192223Z.jpg,clear_road,clear_road_session_002,2026-10-03T19:22:23.615747+00:00,1,1920x1080,340,80,1080,840,1080x840,dbd23f16f14d47962b866f6bef52ef7a69c706b6a7ba581be9fd6d9b5a67e5fc,1101110011000000110101101101011111011111110111110000001100000000,NO
raw\clear_road\clear_road_session_002_0002_20261003T192223Z.jpg,clear_road,clear_road_session_002,2026-10-03T19:22:23.920703+00:00,1,1920x1080,340,80,1080,840,1080x840,d44d921a506ed1c062586a0b3727dd6265e6f94335ec8614d97d23401a278680,1101110011000000110101101101011111011111110111110000001100000000,YES
raw\clear_road\clear_road_session_002_0003_20261003T192224Z.jpg,clear_road,clear_road_session_002,2026-10-03T19:22:24.229417+00:00,1,1920x1080,340,80,1080,840,1080x840,bb5feebb2d1ebebcbe7fb8211ef956025635797cab881c6d8a9f15fc49ffdee4,1101110011000000110101101101011111011111110111110000001100000000,YES
raw\clear_road\clear_road_session_002_0004_20261003T192224Z.jpg,clear_road,clear_road_session_002,2026-10-03T19:22:24.553413+00:00,1,1920x1080,340,80,1080,840,1080x840,54914154cb50bdbc2466be2588a45fbec27a0340670c8cffcb7003c3dde6274c,1101110011000000110101101101011111011111110111110000001100000000,YES
raw\clear_road\clear_road_session_002_0005_20261003T192224Z.jpg,clear_road,clear_road_session_002,2026-10-03T19:22:24.856338+00:00,1,1920x1080,340,80,1080,840,1080x840,bfc249821dcbf1384880ce65568a6446ad1b5daa2f4bb7d9a937734d4b342a81,1101110011000000110101101101011111011111110111110000011100000000,YES
raw\clear_road\clear_road_session_002_0006_20261003T192225Z.jpg,clear_road,clear_road_session_002,2026-10-03T19:22:25.208739+00:00,1,1920x1080,340,80,1080,840,1080x840,aa0e361f0c952dacf9c43755fb7c6f137309c0420a273967997e85776b9167c2,1101110011000000110101101101011111011111110111110000011100000000,YES
raw\clear_road\clear_road_session_002_0007_20261003T192225Z.jpg,clear_road,clear_road_session_002,2026-10-03T19:22:25.542730+00:00,1,1920x1080,340,80,1080,840,1080x840,4fb6deeee183d16e7fc2a08853d34a0b500a96a01bcfb6627ccb5a2e476cb0d8,1101110011000000110101101101011111011111110111110000001100000000,YES
raw\clear_road\clear_road_session_002_0008_20261003T192225Z.jpg,clear_road,clear_road_session_002,2026-10-03T19:22:25.845609+00:00,1,1920x1080,340,80,1080,840,1080x840,dca31893a0ba84a4be9940e801b54260a509091dfe820826d8850842ea796130,1101110011000000110101101101011111011111110111110000011100000000,YES
raw\clear_road\clear_road_session_002_0009_20261003T192226Z.jpg,clear_road,clear_road_session_002,2026-10-03T19:22:26.164346+00:00,1,1920x1080,340,80,1080,840,1080x840,89515044680df6ffc2500893da5e753fb49fd46676f5196f038ccbdb84f660b1,1101110011000000110101101101011111011111110111110000001100000000,YES
raw\clear_road\clear_road_session_002_0010_20261003T192226Z.jpg,clear_road,clear_road_session_002,2026-10-03T19:22:26.471661+00:00,1,1920x1080,340,80,1080,840,1080x840,e74344698687761c24e12e8a4a5c61fe846de1d516751fc862319576aa3c38ea,1101110011000000110101101101011111011111110111110000001100000000,YES
raw\clear_road\clear_road_session_003_0001_20261003T192227Z.jpg,clear_road,clear_road_session_003,2026-10-03T19:22:27.602658+00:00,1,1920x1080,340,80,1080,840,1080x840,f4abf4c210c37d8e7cc7a506e42c688538882085b5528f6d55d87d7193fd7703,1101110011000000110101101101011111011111110111110000001100000000,NO
raw\clear_road\clear_road_session_003_0002_20261003T192227Z.jpg,clear_road,clear_road_session_003,2026-10-03T19:22:27.896160+00:00,1,1920x1080,340,80,1080,840,1080x840,2a00ae8100ec58503a3b1ba2cd06932fdaf971960fb42da55a62b53f0ac8533d,1101110011000000110101101101011111011111110111110000001100000000,YES
raw\clear_road\clear_road_session_003_0003_20261003T192228Z.jpg,clear_road,clear_road_session_003,2026-10-03T19:22:28.160339+00:00,1,1920x1080,340,80,1080,840,1080x840,aa0a5d69270255022c0638524987182abc76f50b419082da4f38775c987c4ae8,1101110011000000110101101101011111011111110111110000001100000000,YES
raw\clear_road\clear_road_session_003_0004_20261003T192228Z.jpg,clear_road,clear_road_session_003,2026-10-03T19:22:28.477684+00:00,1,1920x1080,340,80,1080,840,1080x840,a0d0f0230a2f9b30fa0e8de8352ddf4bfcc2d220b0ffc994e40e25b688ab5cb6,1101110011000000110101101101011111011111110111110000001100000000,YES
raw\clear_road\clear_road_session_003_0005_20261003T192228Z.jpg,clear_road,clear_road_session_003,2026-10-03T19:22:28.738370+00:00,1,1920x1080,340,80,1080,840,1080x840,42835a2cc95d244dbdba3b2c7fee85612da14423c7b2b4245f090d32e7784b69,1101110011000000110101101101011111011111110111110000001100000000,YES
raw\clear_road\clear_road_session_003_0006_20261003T192229Z.jpg,clear_road,clear_road_session_003,2026-10-03T19:22:29.020502+00:00,1,1920x1080,340,80,1080,840,1080x840,0b3236dc3a95445cdfd4e0526a64a8c4a4c353f242b5ae8e28257b20a7682784,1101110011000000110101101101011111011111110111110000001100000000,YES
raw\clear_road\clear_road_session_003_0007_20261003T192229Z.jpg,clear_road,clear_road_session_003,2026-10-03T19:22:29.266295+00:00,1,1920x1080,340,80,1080,840,1080x840,04b6609d65495e8922442072a7efe82902ba5e17920c3258ef24c243e37f848d,1101110011000000110101101101011111011111110111110000001100000000,YES
raw\clear_road\clear_road_session_003_0008_20261003T192229Z.jpg,clear_road,clear_road_session_003,2026-10-03T19:22:29.548445+00:00,1,1920x1080,340,80,1080,840,1080x840,0c999402be60f0b2292dafec0e174cb7f3ec617a16356761116cab4d51c3af31,1101110011000000110101101101011111011111110111110000001100000000,YES
raw\clear_road\clear_road_session_003_0009_20261003T192229Z.jpg,clear_road,clear_road_session_003,2026-10-03T19:22:29.794783+00:00,1,1920x1080,340,80,1080,840,1080x840,7055c22c7ad4782ce53ee7ea5b770c2bf7d04bd3659fe0b78995ee18bf80b0a0,1101110011000000110101101101011111011111110111110000001100000000,YES
raw\clear_road\clear_road_session_003_0010_20261003T192230Z.jpg,clear_road,clear_road_session_003,2026-10-03T19:22:30.096235+00:00,1,1920x1080,340,80,1080,840,1080x840,c02afdc0fe3d908fd4134271967f3c3f5d0cc50190e3ebac8ebb36ec55e54e13,1101110011000000110101101101011111011111110111110000001100000000,YES
